Year,Region,Race or Ethnicity,Sex,Age Group,Firearm Deaths,Alcohol-Related Deaths,Suicide Deaths
2017,NYC,White Non Hispanic,F,<1,0,0,0
2017,ROS,White Non Hispanic,M,Total,349,1751,770
2017,ROS,White Non Hispanic,F,Total,36,797,205
2017,ROS,White Non Hispanic,M,<1,0,0,0
2017,ROS,White Non Hispanic,F,<1,0,0,0
2017,ROS,White Non Hispanic,M,85+,21,57,30
2017,ROS,White Non Hispanic,F,85+,1,59,1
2017,ROS,White Non Hispanic,M,75-84,40,195,45
2017,ROS,White Non Hispanic,F,75-84,2,107,7
2017,ROS,White Non Hispanic,M,65-74,45,410,69
2017,ROS,White Non Hispanic,F,65-74,4,184,25
2017,ROS,White Non Hispanic,M,55-64,75,537,159
2017,ROS,White Non Hispanic,F,55-64,9,211,42
2017,ROS,White Non Hispanic,M,45-54,61,335,157
2017,ROS,White Non Hispanic,F,45-54,8,152,45
2017,ROS,White Non Hispanic,M,35-44,39,116,110
2017,ROS,White Non Hispanic,F,35-44,2,46,33
2017,ROS,White Non Hispanic,M,25-34,34,85,109
2017,ROS,White Non Hispanic,F,25-34,6,30,27
2017,ROS,White Non Hispanic,M,20-24,18,12,50
2017,ROS,White Non Hispanic,F,20-24,2,7,10
2017,ROS,White Non Hispanic,M,10-19,16,4,41
2017,ROS,White Non Hispanic,F,10-19,2,1,15
2017,ROS,White Non Hispanic,M,1-9,0,0,0
2017,ROS,White Non Hispanic,F,1-9,0,0,0
2017,ROS,Other Non Hispanic,M,Total,4,46,26
2017,ROS,Other Non Hispanic,F,Total,1,20,11
2017,ROS,Other Non Hispanic,M,<1,0,0,0
2017,ROS,Other Non Hispanic,F,<1,0,0,0
2017,ROS,Other Non Hispanic,M,85+,0,1,0
2017,ROS,Other Non Hispanic,F,85+,0,1,0
2017,ROS,Other Non Hispanic,M,75-84,0,5,2
2017,ROS,Other Non Hispanic,F,75-84,1,4,0
2017,ROS,Other Non Hispanic,M,65-74,0,7,1
2017,ROS,Other Non Hispanic,F,65-74,0,6,0
2017,ROS,Other Non Hispanic,M,55-64,2,7,3
2017,ROS,Other Non Hispanic,F,55-64,0,4,1
2017,ROS,Other Non Hispanic,M,45-54,0,16,2
2017,ROS,Other Non Hispanic,F,45-54,0,4,2
2017,ROS,Other Non Hispanic,M,35-44,1,6,6
2017,ROS,Other Non Hispanic,F,35-44,0,1,3
2017,ROS,Other Non Hispanic,M,25-34,0,4,6
2017,ROS,Other Non Hispanic,F,25-34,0,0,0
2017,ROS,Other Non Hispanic,M,20-24,0,0,2
2017,ROS,Other Non Hispanic,F,20-24,0,0,3
2017,ROS,Other Non Hispanic,M,10-19,1,0,4
2017,ROS,Other Non Hispanic,F,10-19,0,0,2
2017,ROS,Other Non Hispanic,M,1-9,0,0,0
2017,ROS,Other Non Hispanic,F,1-9,0,0,0
2017,ROS,Not Stated,M,Total,5,20,12
2017,ROS,Not Stated,F,Total,1,4,3
2017,ROS,Not Stated,M,<1,0,0,0
2017,ROS,Not Stated,F,<1,0,0,0
2017,ROS,Not Stated,M,85+,0,3,0
2017,ROS,Not Stated,F,85+,0,0,0
2017,ROS,Not Stated,M,75-84,0,5,0
2017,ROS,Not Stated,F,75-84,0,0,0
2017,ROS,Not Stated,M,65-74,1,2,1
2017,ROS,Not Stated,F,65-74,0,1,0
2017,ROS,Not Stated,M,55-64,0,5,1
2017,ROS,Not Stated,F,55-64,0,2,0
2017,ROS,Not Stated,M,45-54,1,3,2
2017,ROS,Not Stated,F,45-54,0,1,0
2017,ROS,Not Stated,M,35-44,0,1,0
2017,ROS,Not Stated,F,35-44,1,0,1
2017,ROS,Not Stated,M,25-34,1,1,5
2017,ROS,Not Stated,F,25-34,0,0,1
2017,ROS,Not Stated,M,20-24,2,0,2
2017,ROS,Not Stated,F,20-24,0,0,0
2017,ROS,Not Stated,M,10-19,0,0,1
2017,ROS,Not Stated,F,10-19,0,0,1
2017,ROS,Not Stated,M,1-9,0,0,0
2017,ROS,Hispanic,M,Total,36,177,40
2017,ROS,Hispanic,F,Total,2,46,14
2017,ROS,Hispanic,M,<1,0,0,0
2017,ROS,Hispanic,F,<1,0,0,0
2017,ROS,Hispanic,M,85+,0,3,0
2017,ROS,Hispanic,F,85+,0,6,0
2017,ROS,Hispanic,M,75-84,0,6,0
2017,ROS,Hispanic,F,75-84,0,6,0
2017,ROS,Hispanic,M,65-74,0,28,2
2017,ROS,Hispanic,F,65-74,0,10,1
2017,ROS,Hispanic,M,55-64,1,51,2
2017,ROS,Hispanic,F,55-64,0,9,1
2017,ROS,Hispanic,M,45-54,1,35,8
2017,ROS,Hispanic,F,45-54,1,9,8
2017,ROS,Hispanic,M,35-44,9,33,11
2017,ROS,Hispanic,F,35-44,0,4,1
2017,ROS,Hispanic,M,25-34,10,18,5
2017,ROS,Hispanic,F,25-34,1,1,2
2017,ROS,Hispanic,M,20-24,7,2,7
2017,ROS,Hispanic,F,20-24,0,1,1
2017,ROS,Hispanic,M,10-19,8,0,5
2017,ROS,Hispanic,F,10-19,0,0,0
2017,ROS,Hispanic,M,1-9,0,1,0
2017,ROS,Hispanic,F,1-9,0,0,0
2017,ROS,Black Non Hispanic,M,Total,99,167,40
2017,ROS,Black Non Hispanic,F,Total,4,76,15
2017,ROS,Black Non Hispanic,M,<1,0,0,0
2017,ROS,Black Non Hispanic,F,<1,0,0,0
2017,ROS,Black Non Hispanic,M,85+,0,3,1
2017,ROS,Black Non Hispanic,F,85+,0,2,0
2017,ROS,Black Non Hispanic,M,75-84,0,10,0
2017,ROS,Black Non Hispanic,F,75-84,0,7,0
2017,ROS,Black Non Hispanic,M,65-74,1,43,2
2017,ROS,Black Non Hispanic,F,65-74,0,13,0
2017,ROS,Black Non Hispanic,M,55-64,3,57,2
2017,ROS,Black Non Hispanic,F,55-64,0,20,0
2017,ROS,Black Non Hispanic,M,45-54,8,28,6
2017,ROS,Black Non Hispanic,F,45-54,0,13,3
2017,ROS,Black Non Hispanic,M,35-44,18,8,4
2017,ROS,Black Non Hispanic,F,35-44,0,14,3
2017,ROS,Black Non Hispanic,M,25-34,38,15,15
2017,ROS,Black Non Hispanic,F,25-34,3,5,4
2017,ROS,Black Non Hispanic,M,20-24,22,3,7
2017,ROS,Black Non Hispanic,F,20-24,1,2,3
2017,ROS,Black Non Hispanic,M,10-19,7,0,3
2017,ROS,Black Non Hispanic,F,10-19,0,0,2
2017,ROS,Black Non Hispanic,M,1-9,2,0,0
2017,ROS,Black Non Hispanic,F,1-9,0,0,0
2017,NYC,White Non Hispanic,M,Total,34,452,187
2017,NYC,White Non Hispanic,F,Total,4,172,80
2017,NYC,White Non Hispanic,M,<1,0,0,0
2017,NYC,White Non Hispanic,M,85+,2,11,4
2017,NYC,White Non Hispanic,F,85+,0,17,2
2017,NYC,White Non Hispanic,M,75-84,3,27,12
2017,NYC,White Non Hispanic,F,75-84,0,31,4
2017,NYC,White Non Hispanic,M,65-74,7,90,17
2017,NYC,White Non Hispanic,F,65-74,0,35,15
2017,NYC,White Non Hispanic,M,55-64,6,143,40
2017,NYC,White Non Hispanic,F,55-64,2,41,14
2017,NYC,White Non Hispanic,M,45-54,7,101,43
2017,NYC,White Non Hispanic,F,45-54,1,24,13
2017,NYC,White Non Hispanic,M,35-44,2,48,25
2017,NYC,White Non Hispanic,F,35-44,1,12,14
2017,NYC,White Non Hispanic,M,25-34,6,29,36
2017,NYC,White Non Hispanic,F,25-34,0,11,15
2017,NYC,White Non Hispanic,M,20-24,1,3,10
2017,NYC,White Non Hispanic,F,20-24,0,1,2
2017,NYC,White Non Hispanic,M,10-19,0,0,0
2017,NYC,White Non Hispanic,F,10-19,0,0,1
2017,NYC,White Non Hispanic,M,1-9,0,0,0
2017,NYC,White Non Hispanic,F,1-9,0,0,0
2017,NYC,Other Non Hispanic,M,Total,4,86,35
2017,NYC,Other Non Hispanic,F,Total,1,22,23
2017,NYC,Other Non Hispanic,M,<1,0,0,0
2017,NYC,Other Non Hispanic,F,<1,0,0,0
2017,NYC,Other Non Hispanic,M,85+,0,3,1
2017,NYC,Other Non Hispanic,F,85+,0,3,0
2017,NYC,Other Non Hispanic,M,75-84,0,7,4
2017,NYC,Other Non Hispanic,F,75-84,0,3,0
2017,NYC,Other Non Hispanic,M,65-74,0,17,3
2017,NYC,Other Non Hispanic,F,65-74,0,4,2
2017,NYC,Other Non Hispanic,M,55-64,0,26,7
2017,NYC,Other Non Hispanic,F,55-64,0,5,2
2017,NYC,Other Non Hispanic,M,45-54,0,17,4
2017,NYC,Other Non Hispanic,F,45-54,0,3,5
2017,NYC,Other Non Hispanic,M,35-44,2,12,7
2017,NYC,Other Non Hispanic,F,35-44,0,2,4
2017,NYC,Other Non Hispanic,M,25-34,1,4,6
2017,NYC,Other Non Hispanic,F,25-34,1,1,6
2017,NYC,Other Non Hispanic,M,20-24,1,0,1
2017,NYC,Other Non Hispanic,F,20-24,0,1,3
2017,NYC,Other Non Hispanic,M,10-19,0,0,2
2017,NYC,Other Non Hispanic,F,10-19,0,0,1
2017,NYC,Other Non Hispanic,M,1-9,0,0,0
2017,NYC,Other Non Hispanic,F,1-9,0,0,0
2017,NYC,Not Stated,M,Total,2,35,7
2017,NYC,Not Stated,F,Total,0,7,4
2017,NYC,Not Stated,M,<1,0,0,0
2017,NYC,Not Stated,F,<1,0,0,0
2017,NYC,Not Stated,M,85+,0,0,0
2017,NYC,Not Stated,F,85+,0,0,0
2017,NYC,Not Stated,M,75-84,0,3,1
2017,NYC,Not Stated,F,75-84,0,0,0
2017,NYC,Not Stated,M,65-74,0,10,0
2017,NYC,Not Stated,F,65-74,0,0,1
2017,NYC,Not Stated,M,55-64,0,12,1
2017,NYC,Not Stated,F,55-64,0,3,0
2017,NYC,Not Stated,M,45-54,1,6,3
2017,NYC,Not Stated,F,45-54,0,1,0
2017,NYC,Not Stated,M,35-44,1,2,2
2017,NYC,Not Stated,F,35-44,0,2,3
2017,NYC,Not Stated,M,25-34,0,2,0
2017,NYC,Not Stated,F,25-34,0,1,0
2017,NYC,Not Stated,M,20-24,0,0,0
2017,NYC,Not Stated,F,20-24,0,0,0
2017,NYC,Not Stated,M,10-19,0,0,0
2017,NYC,Not Stated,F,10-19,0,0,0
2017,NYC,Not Stated,M,1-9,0,0,0
2017,NYC,Not Stated,F,1-9,0,0,0
2017,NYC,Hispanic,M,Total,39,551,90
2017,NYC,Hispanic,F,Total,8,176,18
2017,NYC,Hispanic,M,<1,0,0,0
2017,NYC,Hispanic,F,<1,0,0,0
2017,NYC,Hispanic,M,85+,1,8,1
2017,NYC,Hispanic,F,85+,0,12,0
2017,NYC,Hispanic,M,75-84,0,29,3
2017,NYC,Hispanic,F,75-84,0,32,0
2017,NYC,Hispanic,M,65-74,2,94,5
2017,NYC,Hispanic,F,65-74,0,37,3
2017,NYC,Hispanic,M,55-64,0,143,14
2017,NYC,Hispanic,F,55-64,0,44,1
2017,NYC,Hispanic,M,45-54,4,130,17
2017,NYC,Hispanic,F,45-54,2,36,6
2017,NYC,Hispanic,M,35-44,4,92,11
2017,NYC,Hispanic,F,35-44,1,10,2
2017,NYC,Hispanic,M,25-34,8,49,24
2017,NYC,Hispanic,F,25-34,3,4,4
2017,NYC,Hispanic,M,20-24,8,5,9
2017,NYC,Hispanic,F,20-24,1,1,0
2017,NYC,Hispanic,M,10-19,12,1,6
2017,NYC,Hispanic,F,10-19,1,0,2
2017,NYC,Hispanic,M,1-9,0,0,0
2017,NYC,Hispanic,F,1-9,0,0,0
2017,NYC,Black Non Hispanic,M,Total,116,382,72
2017,NYC,Black Non Hispanic,F,Total,7,152,25
2017,NYC,Black Non Hispanic,M,<1,0,0,0
2017,NYC,Black Non Hispanic,F,<1,0,0,0
2017,NYC,Black Non Hispanic,M,85+,0,3,0
2017,NYC,Black Non Hispanic,F,85+,0,5,0
2017,NYC,Black Non Hispanic,M,75-84,0,22,0
2017,NYC,Black Non Hispanic,F,75-84,0,11,0
2017,NYC,Black Non Hispanic,M,65-74,1,88,2
2017,NYC,Black Non Hispanic,F,65-74,0,21,3
2017,NYC,Black Non Hispanic,M,55-64,3,145,12
2017,NYC,Black Non Hispanic,F,55-64,0,50,4
2017,NYC,Black Non Hispanic,M,45-54,8,87,11
2017,NYC,Black Non Hispanic,F,45-54,1,34,5
2017,NYC,Black Non Hispanic,M,35-44,20,29,13
2017,NYC,Black Non Hispanic,F,35-44,1,26,7
2017,NYC,Black Non Hispanic,M,25-34,42,8,22
2017,NYC,Black Non Hispanic,F,25-34,2,5,1
2017,NYC,Black Non Hispanic,M,20-24,30,0,8
2017,NYC,Black Non Hispanic,F,20-24,3,0,0
2017,NYC,Black Non Hispanic,M,10-19,12,0,4
2017,NYC,Black Non Hispanic,F,10-19,0,0,5
2017,NYC,Black Non Hispanic,M,1-9,0,0,0
2017,NYC,Black Non Hispanic,F,1-9,0,0,0
2016,ROS,White Non Hispanic,F,Total,40,746,202
2016,NYC,Other Non Hispanic,F,Total,0,27,30
2016,ROS,Other Non Hispanic,M,65-74,0,7,1
2016,NYC,Not Stated,M,35-44,1,2,3
2016,NYC,White Non Hispanic,M,55-64,4,149,45
2016,ROS,Not Stated,M,55-64,0,6,0
2016,NYC,Hispanic,F,65-74,0,32,1
2016,ROS,Black Non Hispanic,M,Total,112,150,50
2016,ROS,Black Non Hispanic,M,85+,0,1,0
2016,NYC,Black Non Hispanic,M,65-74,1,71,2
2016,NYC,Black Non Hispanic,F,55-64,1,68,4
2016,ROS,Not Stated,F,25-34,0,1,0
2016,NYC,Not Stated,F,25-34,0,0,1
2016,ROS,Other Non Hispanic,M,20-24,3,1,2
2016,ROS,Black Non Hispanic,F,85+,0,0,0
2016,NYC,Other Non Hispanic,F,20-24,0,0,3
2016,NYC,Not Stated,M,25-34,1,2,0
2016,NYC,Hispanic,M,35-44,10,68,16
2016,NYC,Black Non Hispanic,F,65-74,0,31,2
2016,NYC,Other Non Hispanic,M,<1,0,0,0
2016,ROS,Black Non Hispanic,F,Total,11,64,12
2016,ROS,Not Stated,M,35-44,2,1,0
2016,NYC,Hispanic,F,Total,7,165,22
2016,NYC,Not Stated,F,1-9,0,0,0
2016,ROS,Not Stated,F,65-74,0,1,0
2016,ROS,Hispanic,M,75-84,1,7,1
2016,NYC,Hispanic,F,85+,0,14,0
2016,ROS,Not Stated,F,45-54,0,1,0
2016,ROS,White Non Hispanic,F,25-34,4,28,19
2016,ROS,Hispanic,M,45-54,4,39,11
2016,ROS,Not Stated,M,Total,6,16,7
2016,ROS,Hispanic,M,<1,0,0,0
2016,NYC,Other Non Hispanic,M,35-44,1,16,7
2016,ROS,Black Non Hispanic,M,25-34,34,12,9
2016,NYC,Hispanic,M,65-74,0,84,4
2016,ROS,Black Non Hispanic,M,1-9,0,0,2
2016,NYC,Not Stated,F,75-84,0,1,0
2016,ROS,White Non Hispanic,M,25-34,39,80,94
2016,ROS,Not Stated,F,10-19,0,0,0
2016,ROS,Hispanic,M,35-44,9,27,8
2016,NYC,Hispanic,M,<1,0,0,0
2016,ROS,Black Non Hispanic,M,75-84,1,7,2
2016,ROS,Black Non Hispanic,F,10-19,5,0,2
2016,ROS,Other Non Hispanic,F,25-34,0,0,4
2016,NYC,White Non Hispanic,F,85+,1,16,2
2016,ROS,White Non Hispanic,M,Total,397,1715,788
2016,ROS,Other Non Hispanic,M,85+,0,1,0
2016,ROS,Other Non Hispanic,M,35-44,0,4,2
2016,NYC,Hispanic,M,55-64,0,152,8
2016,ROS,Other Non Hispanic,F,55-64,0,1,1
2016,NYC,Hispanic,M,75-84,0,36,1
2016,ROS,Hispanic,M,10-19,3,0,5
2016,NYC,Other Non Hispanic,F,75-84,0,7,3
2016,ROS,Not Stated,F,35-44,0,1,1
2016,NYC,Not Stated,M,45-54,0,10,2
2016,ROS,Black Non Hispanic,M,20-24,30,3,11
2016,NYC,Hispanic,M,1-9,0,0,0
2016,NYC,Hispanic,M,Total,45,518,76
2016,NYC,White Non Hispanic,M,75-84,6,45,13
2016,ROS,Other Non Hispanic,M,75-84,1,4,2
2016,ROS,White Non Hispanic,M,35-44,46,122,118
2016,NYC,White Non Hispanic,F,1-9,0,0,0
2016,ROS,White Non Hispanic,M,10-19,18,1,44
2016,NYC,White Non Hispanic,M,25-34,3,30,17
2016,NYC,Hispanic,M,20-24,11,4,8
2016,ROS,Other Non Hispanic,F,45-54,0,1,1
2016,NYC,Black Non Hispanic,M,25-34,55,10,15
2016,NYC,White Non Hispanic,F,45-54,1,31,13
2016,ROS,Hispanic,F,<1,0,0,0
2016,NYC,Black Non Hispanic,F,25-34,6,10,5
2016,NYC,Hispanic,F,75-84,0,25,1
2016,NYC,White Non Hispanic,F,25-34,4,9,16
2016,ROS,Other Non Hispanic,F,<1,0,0,0
2016,ROS,White Non Hispanic,M,<1,0,0,0
2016,ROS,Black Non Hispanic,F,25-34,5,5,5
2016,ROS,White Non Hispanic,M,65-74,63,374,85
2016,ROS,Other Non Hispanic,M,1-9,0,0,0
2016,NYC,White Non Hispanic,F,75-84,0,24,8
2016,ROS,Hispanic,F,25-34,1,3,2
2016,NYC,Hispanic,F,1-9,0,0,0
2016,NYC,Black Non Hispanic,F,<1,0,1,0
2016,ROS,Not Stated,M,1-9,0,0,0
2016,ROS,White Non Hispanic,F,1-9,0,0,0
2016,NYC,White Non Hispanic,M,<1,0,0,0
2016,NYC,White Non Hispanic,F,35-44,1,12,14
2016,NYC,Not Stated,F,35-44,0,1,0
2016,NYC,Other Non Hispanic,F,35-44,0,2,2
2016,ROS,White Non Hispanic,M,55-64,83,567,157
2016,NYC,Not Stated,F,55-64,0,7,2
2016,NYC,Black Non Hispanic,M,1-9,0,0,0
2016,NYC,White Non Hispanic,F,Total,11,158,87
2016,ROS,Not Stated,M,65-74,1,3,1
2016,NYC,Other Non Hispanic,F,65-74,0,5,1
2016,ROS,Not Stated,F,55-64,0,0,0
2016,NYC,Black Non Hispanic,M,Total,159,317,59
2016,ROS,Not Stated,M,25-34,0,1,2
2016,NYC,Not Stated,F,20-24,0,0,1
2016,ROS,White Non Hispanic,F,45-54,7,137,62
2016,ROS,Other Non Hispanic,M,10-19,0,0,1
2016,ROS,Black Non Hispanic,M,55-64,4,55,6
2016,ROS,Hispanic,M,1-9,0,0,0
2016,NYC,Hispanic,F,55-64,0,43,4
2016,ROS,White Non Hispanic,F,85+,1,44,1
2016,ROS,Other Non Hispanic,M,45-54,0,10,1
2016,NYC,Black Non Hispanic,M,<1,0,0,0
2016,NYC,Not Stated,M,65-74,0,8,1
2016,NYC,Hispanic,F,<1,0,0,0
2016,NYC,Hispanic,F,25-34,0,8,3
2016,NYC,Other Non Hispanic,F,10-19,0,0,0
2016,NYC,Not Stated,M,10-19,0,0,0
2016,NYC,Not Stated,M,75-84,0,3,0
2016,ROS,Other Non Hispanic,M,Total,8,35,16
2016,NYC,Not Stated,F,85+,0,0,0
2016,NYC,White Non Hispanic,F,20-24,1,0,5
2016,ROS,Not Stated,F,<1,0,0,0
2016,NYC,Black Non Hispanic,M,85+,0,2,0
2016,ROS,Other Non Hispanic,M,<1,0,0,0
2016,NYC,White Non Hispanic,M,45-54,3,142,32
2016,NYC,White Non Hispanic,M,85+,1,11,6
2016,ROS,Hispanic,M,55-64,2,37,5
2016,ROS,White Non Hispanic,M,45-54,75,333,160
2016,ROS,Black Non Hispanic,F,1-9,0,0,0
2016,NYC,Not Stated,F,<1,0,1,0
2016,ROS,White Non Hispanic,M,85+,14,55,22
2016,ROS,Black Non Hispanic,F,35-44,1,5,3
2016,NYC,Black Non Hispanic,F,1-9,0,0,0
2016,ROS,Not Stated,F,75-84,0,1,0
2016,ROS,Hispanic,F,55-64,0,16,1
2016,ROS,White Non Hispanic,F,10-19,4,1,12
2016,ROS,Black Non Hispanic,F,75-84,0,3,0
2016,ROS,Black Non Hispanic,F,<1,0,0,0
2016,NYC,White Non Hispanic,M,10-19,0,0,4
2016,NYC,Other Non Hispanic,F,55-64,0,3,4
2016,ROS,Hispanic,M,65-74,1,15,2
2016,NYC,Not Stated,F,Total,0,15,6
2016,NYC,Black Non Hispanic,M,20-24,45,1,8
2016,ROS,Not Stated,M,10-19,1,0,2
2016,NYC,Black Non Hispanic,F,10-19,1,1,1
2016,ROS,Not Stated,F,85+,0,0,0
2016,ROS,Hispanic,M,25-34,16,16,9
2016,ROS,Hispanic,F,75-84,0,13,1
2016,NYC,Hispanic,M,45-54,2,118,9
2016,NYC,Other Non Hispanic,F,25-34,0,0,6
2016,ROS,Not Stated,M,85+,0,0,0
2016,NYC,Black Non Hispanic,F,85+,0,3,0
2016,NYC,Black Non Hispanic,M,55-64,4,123,8
2016,ROS,Black Non Hispanic,F,55-64,0,25,0
2016,ROS,Black Non Hispanic,F,20-24,0,0,1
2016,NYC,Not Stated,M,55-64,0,18,0
2016,NYC,White Non Hispanic,M,35-44,7,49,29
2016,ROS,White Non Hispanic,M,20-24,16,23,52
2016,NYC,Black Non Hispanic,M,45-54,15,70,15
2016,ROS,Hispanic,F,20-24,2,2,3
2016,ROS,Hispanic,F,45-54,0,8,1
2016,NYC,Other Non Hispanic,M,10-19,1,0,1
2016,NYC,Other Non Hispanic,M,85+,0,4,1
2016,NYC,Black Non Hispanic,M,75-84,1,20,1
2016,ROS,Not Stated,M,75-84,0,2,0
2016,ROS,Black Non Hispanic,M,45-54,10,31,4
2016,NYC,Not Stated,F,10-19,0,0,0
2016,NYC,Other Non Hispanic,M,20-24,0,5,7
2016,NYC,White Non Hispanic,F,10-19,0,0,3
2016,ROS,White Non Hispanic,F,<1,0,0,0
2016,NYC,Hispanic,F,35-44,3,12,6
2016,NYC,Other Non Hispanic,F,<1,0,0,0
2016,ROS,Hispanic,M,20-24,3,4,5
2016,ROS,White Non Hispanic,M,1-9,1,0,0
2016,NYC,White Non Hispanic,F,65-74,3,31,12
2016,ROS,Not Stated,M,20-24,0,0,0
2016,ROS,White Non Hispanic,F,55-64,6,215,37
2016,ROS,White Non Hispanic,F,75-84,2,106,12
2016,NYC,Not Stated,M,1-9,0,0,0
2016,ROS,Other Non Hispanic,M,55-64,2,7,4
2016,ROS,Other Non Hispanic,F,Total,1,11,16
2016,ROS,Hispanic,F,35-44,1,4,3
2016,NYC,Not Stated,M,<1,0,0,0
2016,ROS,Black Non Hispanic,M,35-44,18,9,11
2016,ROS,Not Stated,M,<1,0,0,0
2016,NYC,Other Non Hispanic,M,1-9,0,0,0
2016,NYC,Other Non Hispanic,F,45-54,0,6,10
2016,NYC,Not Stated,M,20-24,2,2,0
2016,ROS,White Non Hispanic,F,20-24,2,3,10
2016,ROS,Hispanic,F,65-74,0,6,0
2016,NYC,Other Non Hispanic,F,1-9,0,0,0
2016,ROS,Hispanic,M,Total,39,147,46
2016,NYC,White Non Hispanic,M,20-24,3,7,5
2016,NYC,Black Non Hispanic,F,35-44,1,19,4
2016,ROS,White Non Hispanic,M,75-84,42,160,56
2016,NYC,White Non Hispanic,F,55-64,0,35,14
2016,NYC,Other Non Hispanic,M,75-84,0,8,2
2016,ROS,Other Non Hispanic,F,10-19,0,0,0
2016,ROS,Hispanic,M,85+,0,2,0
2016,ROS,Other Non Hispanic,F,65-74,0,4,0
2016,NYC,Other Non Hispanic,M,Total,4,84,35
2016,NYC,Black Non Hispanic,F,45-54,1,26,2
2016,NYC,Other Non Hispanic,M,55-64,2,17,5
2016,ROS,Black Non Hispanic,F,65-74,0,13,1
2016,NYC,Black Non Hispanic,M,10-19,9,0,1
2016,ROS,Other Non Hispanic,F,75-84,1,3,2
2016,NYC,Hispanic,M,10-19,6,0,5
2016,ROS,Not Stated,M,45-54,2,3,2
2016,NYC,Black Non Hispanic,M,35-44,29,20,9
2016,NYC,Other Non Hispanic,M,25-34,0,5,4
2016,NYC,Other Non Hispanic,M,45-54,0,15,4
2016,NYC,Other Non Hispanic,F,85+,0,4,1
2016,ROS,Hispanic,F,10-19,0,0,2
2016,ROS,White Non Hispanic,F,35-44,10,57,29
2016,NYC,White Non Hispanic,M,1-9,0,0,0
2016,NYC,Hispanic,F,45-54,3,29,2
2016,ROS,White Non Hispanic,F,65-74,4,155,20
2016,ROS,Hispanic,F,85+,0,1,0
2016,NYC,Hispanic,F,10-19,0,0,3
2016,ROS,Not Stated,F,Total,0,5,1
2016,NYC,Not Stated,M,Total,4,45,6
2016,ROS,Other Non Hispanic,F,1-9,0,0,0
2016,ROS,Black Non Hispanic,M,<1,0,0,0
2016,ROS,Black Non Hispanic,F,45-54,0,13,0
2016,ROS,Black Non Hispanic,M,65-74,1,32,2
2016,ROS,Black Non Hispanic,M,10-19,14,0,3
2016,NYC,Hispanic,M,25-34,16,50,23
2016,NYC,White Non Hispanic,M,Total,31,542,171
2016,NYC,Hispanic,F,20-24,1,2,2
2016,NYC,Not Stated,F,45-54,0,4,2
2016,ROS,Other Non Hispanic,F,85+,0,1,2
2016,ROS,Other Non Hispanic,F,35-44,0,0,3
2016,NYC,White Non Hispanic,M,65-74,4,109,20
2016,NYC,Not Stated,F,65-74,0,1,0
2016,ROS,Other Non Hispanic,M,25-34,2,1,3
2016,ROS,Hispanic,F,1-9,0,0,0
2016,NYC,Black Non Hispanic,F,20-24,2,2,6
2016,NYC,Not Stated,M,85+,0,0,0
2016,NYC,Black Non Hispanic,F,Total,12,171,24
2016,ROS,Other Non Hispanic,F,20-24,0,1,3
2016,ROS,Not Stated,F,1-9,0,0,0
2016,NYC,White Non Hispanic,F,<1,0,0,0
2016,NYC,Hispanic,M,85+,0,6,2
2016,NYC,Black Non Hispanic,F,75-84,0,10,0
2016,ROS,Hispanic,F,Total,4,53,13
2016,NYC,Other Non Hispanic,M,65-74,0,14,4
2015,ROS,Hispanic,M,65-74,1,16,2
2015,NYC,White Non Hispanic,M,55-64,7,164,42
2015,NYC,White Non Hispanic,F,65-74,1,36,16
2015,NYC,White Non Hispanic,M,65-74,10,90,27
2015,NYC,White Non Hispanic,F,75-84,0,27,3
2015,NYC,White Non Hispanic,M,75-84,1,45,17
2015,NYC,White Non Hispanic,F,85+,0,14,3
2015,NYC,White Non Hispanic,M,85+,0,18,2
2015,NYC,White Non Hispanic,F,<1,0,0,0
2015,NYC,White Non Hispanic,M,<1,0,0,0
2015,NYC,White Non Hispanic,F,Total,4,164,87
2015,NYC,White Non Hispanic,M,Total,34,505,172
2015,ROS,Black Non Hispanic,F,1-9,1,0,0
2015,ROS,Black Non Hispanic,M,1-9,0,0,0
2015,ROS,Black Non Hispanic,F,10-19,2,0,1
2015,ROS,Black Non Hispanic,M,10-19,22,0,1
2015,ROS,Black Non Hispanic,F,20-24,0,1,1
2015,ROS,Black Non Hispanic,M,20-24,24,0,7
2015,ROS,Black Non Hispanic,F,25-34,0,6,2
2015,ROS,Black Non Hispanic,M,25-34,43,7,10
2015,ROS,Black Non Hispanic,F,35-44,1,8,0
2015,ROS,Black Non Hispanic,M,35-44,17,11,12
2015,ROS,Black Non Hispanic,F,45-54,1,18,1
2015,ROS,Black Non Hispanic,M,45-54,4,34,7
2015,ROS,Black Non Hispanic,F,55-64,0,14,2
2015,ROS,Black Non Hispanic,M,55-64,3,34,3
2015,ROS,Black Non Hispanic,F,65-74,0,13,1
2015,ROS,Black Non Hispanic,M,65-74,3,27,2
2015,ROS,Black Non Hispanic,F,75-84,0,7,0
2015,ROS,Black Non Hispanic,M,75-84,0,11,0
2015,ROS,Black Non Hispanic,F,85+,0,1,0
2015,ROS,Black Non Hispanic,M,85+,1,3,1
2015,ROS,Black Non Hispanic,F,<1,0,0,0
2015,ROS,Black Non Hispanic,M,<1,0,0,0
2015,ROS,Black Non Hispanic,F,Total,5,68,8
2015,ROS,Black Non Hispanic,M,Total,117,127,43
2015,ROS,Hispanic,F,1-9,0,0,0
2015,ROS,Hispanic,M,1-9,0,0,0
2015,ROS,Hispanic,F,10-19,0,1,3
2015,ROS,Hispanic,M,10-19,1,1,2
2015,ROS,Hispanic,F,20-24,2,0,3
2015,ROS,Hispanic,M,20-24,6,1,4
2015,ROS,Hispanic,F,25-34,1,1,1
2015,ROS,Hispanic,M,25-34,9,13,10
2015,ROS,Hispanic,F,35-44,0,5,0
2015,ROS,Hispanic,M,35-44,2,19,5
2015,ROS,Hispanic,F,45-54,0,5,2
2015,ROS,Hispanic,M,45-54,0,32,4
2015,ROS,Hispanic,F,55-64,0,12,0
2015,ROS,Hispanic,M,55-64,2,27,7
2015,ROS,Hispanic,F,65-74,0,7,0
2015,ROS,Hispanic,F,75-84,0,4,0
2015,ROS,Hispanic,M,75-84,1,8,2
2015,ROS,Hispanic,F,85+,0,1,0
2015,ROS,Hispanic,M,85+,0,2,0
2015,ROS,Hispanic,F,<1,0,0,0
2015,ROS,Hispanic,M,<1,0,0,0
2015,ROS,Hispanic,F,Total,3,36,9
2015,ROS,Hispanic,M,Total,22,119,36
2015,ROS,Not Stated,F,1-9,0,0,0
2015,ROS,Not Stated,M,1-9,0,0,0
2015,ROS,Not Stated,F,10-19,0,0,0
2015,ROS,Not Stated,M,10-19,0,0,1
2015,ROS,Not Stated,M,20-24,0,0,0
2015,ROS,Not Stated,F,25-34,0,0,0
2015,ROS,Not Stated,M,25-34,1,0,2
2015,ROS,Not Stated,F,35-44,0,1,2
2015,ROS,Not Stated,M,35-44,2,0,1
2015,ROS,Not Stated,F,45-54,0,3,1
2015,ROS,Not Stated,M,45-54,1,7,0
2015,ROS,Not Stated,F,55-64,0,2,2
2015,ROS,Not Stated,M,55-64,1,6,0
2015,ROS,Not Stated,F,65-74,0,1,0
2015,ROS,Not Stated,M,65-74,0,3,1
2015,ROS,Not Stated,F,75-84,0,0,0
2015,ROS,Not Stated,M,75-84,0,0,0
2015,ROS,Not Stated,F,85+,0,0,0
2015,ROS,Not Stated,M,85+,0,0,0
2015,ROS,Not Stated,F,<1,0,0,0
2015,ROS,Not Stated,M,<1,0,0,0
2015,ROS,Not Stated,F,Total,0,7,5
2015,ROS,Not Stated,M,Total,5,16,5
2015,ROS,Other Non Hispanic,F,1-9,0,0,0
2015,ROS,Other Non Hispanic,M,1-9,0,0,0
2015,ROS,Other Non Hispanic,F,10-19,0,0,0
2015,ROS,Other Non Hispanic,M,10-19,0,0,1
2015,ROS,Other Non Hispanic,F,20-24,0,0,1
2015,ROS,Other Non Hispanic,M,20-24,2,0,5
2015,ROS,Other Non Hispanic,F,25-34,0,1,2
2015,ROS,Other Non Hispanic,M,25-34,1,0,1
2015,ROS,Other Non Hispanic,F,35-44,0,2,1
2015,ROS,Other Non Hispanic,M,35-44,0,3,2
2015,ROS,Other Non Hispanic,F,45-54,0,2,0
2015,ROS,Other Non Hispanic,M,45-54,2,12,5
2015,ROS,Other Non Hispanic,F,55-64,0,1,5
2015,ROS,Other Non Hispanic,M,55-64,0,5,4
2015,ROS,Other Non Hispanic,F,65-74,0,3,0
2015,ROS,Other Non Hispanic,M,65-74,0,7,2
2015,ROS,Other Non Hispanic,F,75-84,0,3,0
2015,ROS,Other Non Hispanic,M,75-84,0,1,0
2015,ROS,Other Non Hispanic,F,85+,0,1,0
2015,ROS,Other Non Hispanic,M,85+,0,0,0
2015,ROS,Other Non Hispanic,F,<1,0,0,0
2015,ROS,Other Non Hispanic,M,<1,0,0,0
2015,ROS,Other Non Hispanic,F,Total,0,13,9
2015,ROS,Other Non Hispanic,M,Total,5,28,20
2015,ROS,White Non Hispanic,F,1-9,0,0,0
2015,ROS,White Non Hispanic,M,1-9,0,0,0
2015,ROS,White Non Hispanic,F,10-19,3,1,11
2015,ROS,White Non Hispanic,M,10-19,14,4,36
2015,ROS,White Non Hispanic,F,20-24,2,3,14
2015,ROS,White Non Hispanic,M,20-24,18,19,42
2015,ROS,White Non Hispanic,F,25-34,6,23,28
2015,ROS,White Non Hispanic,M,25-34,38,64,98
2015,ROS,White Non Hispanic,F,35-44,5,42,36
2015,ROS,White Non Hispanic,M,35-44,44,124,115
2015,ROS,White Non Hispanic,F,45-54,9,142,67
2015,ROS,White Non Hispanic,M,45-54,69,305,162
2015,ROS,White Non Hispanic,F,55-64,9,177,51
2015,ROS,White Non Hispanic,M,55-64,74,522,159
2015,ROS,White Non Hispanic,F,65-74,5,129,22
2015,ROS,White Non Hispanic,M,65-74,52,323,84
2015,ROS,White Non Hispanic,F,75-84,3,115,10
2015,ROS,White Non Hispanic,M,75-84,26,169,43
2015,ROS,White Non Hispanic,F,85+,1,45,6
2015,ROS,White Non Hispanic,M,85+,15,57,24
2015,ROS,White Non Hispanic,F,<1,0,0,0
2015,ROS,White Non Hispanic,M,<1,1,0,0
2015,ROS,White Non Hispanic,F,Total,43,677,245
2015,ROS,White Non Hispanic,M,Total,351,1587,763
2015,NYC,Black Non Hispanic,M,1-9,0,0,0
2015,NYC,Black Non Hispanic,F,10-19,2,0,1
2015,NYC,Black Non Hispanic,M,10-19,18,0,4
2015,NYC,Black Non Hispanic,F,20-24,0,0,3
2015,NYC,Black Non Hispanic,M,20-24,34,0,9
2015,NYC,Black Non Hispanic,F,25-34,4,10,5
2015,NYC,Black Non Hispanic,M,25-34,65,4,20
2015,NYC,Black Non Hispanic,F,35-44,2,9,4
2015,NYC,Black Non Hispanic,M,35-44,29,20,6
2015,NYC,Black Non Hispanic,F,45-54,0,34,8
2015,NYC,Black Non Hispanic,M,45-54,17,73,16
2015,NYC,Black Non Hispanic,F,55-64,2,58,2
2015,NYC,Black Non Hispanic,M,55-64,1,142,4
2015,NYC,Black Non Hispanic,F,65-74,1,38,0
2015,NYC,Black Non Hispanic,M,65-74,1,73,2
2015,NYC,Black Non Hispanic,F,75-84,0,9,1
2015,NYC,Black Non Hispanic,M,75-84,2,30,2
2015,NYC,Black Non Hispanic,F,85+,0,7,0
2015,NYC,Black Non Hispanic,M,85+,0,5,0
2015,NYC,Black Non Hispanic,F,<1,0,0,0
2015,NYC,Black Non Hispanic,M,<1,0,0,0
2015,NYC,Black Non Hispanic,F,Total,12,165,24
2015,NYC,Black Non Hispanic,M,Total,167,347,63
2015,NYC,Hispanic,F,1-9,0,0,0
2015,NYC,Hispanic,M,1-9,0,0,0
2015,NYC,Hispanic,F,10-19,0,0,2
2015,NYC,Hispanic,M,10-19,6,1,3
2015,NYC,Hispanic,F,20-24,3,1,2
2015,NYC,Hispanic,M,20-24,22,7,17
2015,NYC,Hispanic,F,25-34,3,8,6
2015,NYC,Hispanic,M,25-34,13,38,13
2015,NYC,Hispanic,F,35-44,1,13,4
2015,NYC,Hispanic,M,35-44,14,60,10
2015,NYC,Hispanic,F,45-54,0,21,8
2015,NYC,Hispanic,M,45-54,10,125,14
2015,NYC,Hispanic,F,55-64,0,58,1
2015,NYC,Hispanic,M,55-64,1,136,8
2015,NYC,Hispanic,F,65-74,0,33,4
2015,NYC,Hispanic,M,65-74,0,106,7
2015,NYC,Hispanic,F,75-84,0,18,2
2015,NYC,Hispanic,M,75-84,0,45,3
2015,NYC,Hispanic,F,85+,0,9,0
2015,NYC,Hispanic,M,85+,0,10,1
2015,NYC,Hispanic,F,<1,0,1,0
2015,NYC,Hispanic,M,<1,0,0,0
2015,NYC,Hispanic,F,Total,7,162,29
2015,NYC,Hispanic,M,Total,66,528,76
2015,NYC,Not Stated,M,1-9,0,0,0
2015,NYC,Not Stated,M,10-19,0,0,0
2015,NYC,Not Stated,F,20-24,0,0,0
2015,NYC,Not Stated,M,20-24,1,0,1
2015,NYC,Not Stated,F,25-34,1,2,0
2015,NYC,Not Stated,M,25-34,3,0,1
2015,NYC,Not Stated,F,35-44,0,0,0
2015,NYC,Not Stated,M,35-44,0,4,1
2015,NYC,Not Stated,F,45-54,0,3,1
2015,NYC,Not Stated,M,45-54,0,14,1
2015,NYC,Not Stated,F,55-64,0,4,0
2015,NYC,Not Stated,M,55-64,0,17,0
2015,NYC,Not Stated,F,65-74,0,3,0
2015,NYC,Not Stated,M,65-74,0,10,1
2015,NYC,Not Stated,F,75-84,0,1,0
2015,NYC,Not Stated,M,75-84,0,2,0
2015,NYC,Not Stated,F,85+,0,0,0
2015,NYC,Not Stated,M,85+,0,1,0
2015,NYC,Not Stated,F,<1,0,0,0
2015,NYC,Not Stated,M,<1,0,0,0
2015,NYC,Not Stated,F,Total,1,13,1
2015,NYC,Not Stated,M,Total,4,48,5
2015,NYC,Other Non Hispanic,F,1-9,0,0,0
2015,NYC,Other Non Hispanic,M,1-9,0,0,0
2015,NYC,Other Non Hispanic,F,10-19,0,0,0
2015,NYC,Other Non Hispanic,M,10-19,2,0,2
2015,NYC,Other Non Hispanic,F,20-24,0,1,4
2015,NYC,Other Non Hispanic,M,20-24,0,0,5
2015,NYC,Other Non Hispanic,F,25-34,0,1,5
2015,NYC,Other Non Hispanic,M,25-34,4,5,14
2015,NYC,Other Non Hispanic,F,35-44,0,1,8
2015,NYC,Other Non Hispanic,M,35-44,0,6,1
2015,NYC,Other Non Hispanic,F,45-54,0,4,6
2015,NYC,Other Non Hispanic,M,45-54,0,20,2
2015,NYC,Other Non Hispanic,F,55-64,0,5,3
2015,NYC,Other Non Hispanic,M,55-64,0,27,3
2015,NYC,Other Non Hispanic,F,65-74,0,5,1
2015,NYC,Other Non Hispanic,M,65-74,2,11,3
2015,NYC,Other Non Hispanic,F,75-84,0,9,6
2015,NYC,Other Non Hispanic,M,75-84,0,7,3
2015,NYC,Other Non Hispanic,F,85+,0,3,1
2015,NYC,Other Non Hispanic,M,85+,0,3,1
2015,NYC,Black Non Hispanic,F,1-9,1,0,0
2015,NYC,Other Non Hispanic,F,<1,0,0,0
2015,NYC,Other Non Hispanic,M,<1,0,0,0
2015,NYC,Other Non Hispanic,F,Total,0,29,34
2015,NYC,Other Non Hispanic,M,Total,8,79,34
2015,NYC,White Non Hispanic,F,1-9,0,0,0
2015,NYC,White Non Hispanic,M,1-9,0,0,0
2015,NYC,White Non Hispanic,F,10-19,0,2,0
2015,NYC,White Non Hispanic,M,10-19,0,0,0
2015,NYC,White Non Hispanic,F,20-24,0,1,3
2015,NYC,White Non Hispanic,M,20-24,0,5,3
2015,NYC,White Non Hispanic,F,25-34,0,7,8
2015,NYC,White Non Hispanic,M,25-34,5,11,17
2015,NYC,White Non Hispanic,F,35-44,2,14,15
2015,NYC,White Non Hispanic,M,35-44,5,53,26
2015,NYC,White Non Hispanic,F,45-54,1,22,19
2015,NYC,White Non Hispanic,M,45-54,6,119,38
2015,NYC,White Non Hispanic,F,55-64,0,41,20
2014,NYC,White Non Hispanic,F,85+,0,0,0
2014,NYC,White Non Hispanic,M,75-84,0,0,0
2014,NYC,White Non Hispanic,M,65-74,0,0,0
2014,NYC,Not Stated,M,Total,1,0,1
2014,NYC,Not Stated,F,Total,0,0,0
2014,NYC,Not Stated,M,85+,0,0,0
2014,NYC,Not Stated,F,85+,0,0,0
2014,NYC,Not Stated,M,65-74,1,0,1
2014,NYC,Hispanic,M,Total,240,1411,355
2014,NYC,Hispanic,F,Total,16,529,158
2014,NYC,Hispanic,M,<1,0,0,0
2014,NYC,Hispanic,F,<1,0,0,0
2014,NYC,Hispanic,M,85+,3,23,10
2014,NYC,Hispanic,F,85+,0,24,8
2014,NYC,Hispanic,M,75-84,2,94,15
2014,NYC,Hispanic,F,75-84,0,90,7
2014,NYC,White Non Hispanic,M,Total,0,0,0
2014,ROS,Black Non Hispanic,M,10-19,0,0,0
2014,ROS,Black Non Hispanic,M,20-24,0,0,0
2014,ROS,Black Non Hispanic,M,25-34,0,0,0
2014,ROS,Black Non Hispanic,M,35-44,0,0,0
2014,ROS,Black Non Hispanic,F,45-54,0,0,0
2014,ROS,Black Non Hispanic,M,45-54,0,0,0
2014,ROS,Black Non Hispanic,F,55-64,0,0,0
2014,ROS,Black Non Hispanic,M,55-64,0,0,0
2014,ROS,Black Non Hispanic,F,65-74,0,0,0
2014,ROS,Black Non Hispanic,F,75-84,0,0,0
2014,ROS,Black Non Hispanic,M,75-84,0,0,0
2014,ROS,Black Non Hispanic,F,85+,0,0,0
2014,ROS,Black Non Hispanic,M,85+,0,0,0
2014,ROS,Black Non Hispanic,F,Total,0,0,0
2014,ROS,Black Non Hispanic,M,Total,0,0,0
2014,ROS,Hispanic,F,1-9,0,0,0
2014,ROS,Hispanic,M,1-9,0,1,1
2014,ROS,Hispanic,F,10-19,2,3,15
2014,ROS,Hispanic,M,10-19,26,0,41
2014,ROS,Hispanic,F,20-24,7,5,11
2014,ROS,Hispanic,M,20-24,70,17,81
2014,ROS,Hispanic,F,25-34,14,29,40
2014,ROS,Hispanic,M,25-34,93,62,117
2014,ROS,Hispanic,F,35-44,4,47,48
2014,ROS,Hispanic,M,35-44,63,119,113
2014,ROS,Hispanic,F,45-54,14,162,74
2014,ROS,Hispanic,M,45-54,100,402,206
2014,ROS,Hispanic,F,55-64,9,211,49
2014,ROS,Hispanic,M,55-64,87,618,157
2014,ROS,Hispanic,F,65-74,6,154,21
2014,ROS,Hispanic,M,65-74,56,374,87
2014,ROS,Hispanic,F,75-84,1,106,7
2014,ROS,Hispanic,M,75-84,24,181,35
2014,ROS,Hispanic,F,85+,2,66,6
2014,ROS,Hispanic,M,85+,16,58,23
2014,ROS,Hispanic,F,<1,0,0,0
2014,ROS,Hispanic,M,<1,0,0,0
2014,ROS,Hispanic,F,Total,59,783,271
2014,ROS,Hispanic,M,Total,535,1832,861
2014,ROS,Not Stated,F,20-24,0,1,0
2014,ROS,Not Stated,F,25-34,0,0,0
2014,ROS,Not Stated,M,25-34,0,1,0
2014,ROS,Not Stated,M,35-44,0,0,0
2014,ROS,Not Stated,F,45-54,0,0,0
2014,ROS,Not Stated,M,45-54,0,3,1
2014,ROS,Not Stated,F,55-64,0,0,0
2014,ROS,Not Stated,M,55-64,0,2,0
2014,ROS,Not Stated,F,65-74,0,1,0
2014,ROS,Not Stated,M,65-74,0,1,1
2014,ROS,Not Stated,F,75-84,0,0,0
2014,ROS,Not Stated,M,75-84,0,0,0
2014,ROS,Not Stated,F,85+,0,0,0
2014,ROS,Not Stated,M,85+,0,0,0
2014,ROS,Not Stated,F,<1,0,0,0
2014,ROS,Not Stated,M,<1,0,0,0
2014,ROS,Not Stated,F,Total,0,2,0
2014,ROS,Not Stated,M,Total,0,7,2
2014,ROS,Other Non Hispanic,F,75-84,0,0,0
2014,ROS,Other Non Hispanic,M,85+,0,0,0
2014,ROS,Other Non Hispanic,F,Total,0,0,0
2014,ROS,Other Non Hispanic,M,Total,0,0,0
2014,ROS,White Non Hispanic,M,1-9,0,0,0
2014,ROS,White Non Hispanic,M,25-34,0,0,1
2014,ROS,White Non Hispanic,M,35-44,0,0,0
2014,ROS,White Non Hispanic,F,45-54,0,0,0
2014,ROS,White Non Hispanic,M,45-54,0,2,1
2014,ROS,White Non Hispanic,F,55-64,0,0,1
2014,ROS,White Non Hispanic,M,55-64,0,1,0
2014,ROS,White Non Hispanic,F,65-74,0,0,0
2014,ROS,White Non Hispanic,M,65-74,0,0,1
2014,ROS,White Non Hispanic,F,75-84,0,0,0
2014,NYC,White Non Hispanic,F,Total,0,0,0
2014,ROS,White Non Hispanic,M,75-84,1,0,1
2014,ROS,White Non Hispanic,F,85+,0,0,0
2014,ROS,White Non Hispanic,M,85+,0,0,0
2014,ROS,White Non Hispanic,M,<1,0,0,0
2014,ROS,White Non Hispanic,F,Total,0,0,1
2014,ROS,White Non Hispanic,M,Total,1,3,4
2014,NYC,Hispanic,M,65-74,9,293,35
2014,NYC,Hispanic,F,65-74,1,99,13
2014,NYC,Hispanic,M,55-64,12,479,58
2014,NYC,Hispanic,F,55-64,2,179,32
2014,NYC,Hispanic,M,45-54,31,311,69
2014,NYC,Hispanic,F,45-54,1,75,31
2014,NYC,Hispanic,M,35-44,36,143,58
2014,NYC,Hispanic,F,35-44,3,35,19
2014,NYC,Hispanic,M,25-34,67,53,76
2014,NYC,Hispanic,F,25-34,4,23,30
2014,NYC,Hispanic,M,20-24,62,11,22
2014,NYC,Hispanic,F,20-24,3,3,7
2014,NYC,Hispanic,M,10-19,18,4,11
2014,NYC,Hispanic,F,10-19,2,1,11
2014,NYC,Hispanic,M,1-9,0,0,1
2014,NYC,Hispanic,F,1-9,0,0,0
2014,NYC,Black Non Hispanic,F,Total,0,0,0
2014,NYC,Black Non Hispanic,F,35-44,0,0,0
2014,NYC,Black Non Hispanic,F,25-34,0,0,0
2013,NYC,Hispanic,M,65-74,7,279,44
2013,ROS,White Non Hispanic,M,Total,0,3,1
2013,ROS,White Non Hispanic,F,Total,0,2,0
2013,ROS,White Non Hispanic,M,<1,0,0,0
2013,ROS,White Non Hispanic,F,<1,0,0,0
2013,ROS,White Non Hispanic,M,85+,0,0,0
2013,ROS,White Non Hispanic,F,85+,0,0,0
2013,ROS,White Non Hispanic,M,75-84,0,0,0
2013,ROS,White Non Hispanic,F,75-84,0,1,0
2013,ROS,White Non Hispanic,M,65-74,0,1,0
2013,ROS,White Non Hispanic,F,65-74,0,0,0
2013,ROS,White Non Hispanic,M,55-64,0,1,0
2013,ROS,White Non Hispanic,F,55-64,0,0,0
2013,ROS,White Non Hispanic,M,45-54,0,0,1
2013,ROS,White Non Hispanic,F,45-54,0,1,0
2013,ROS,White Non Hispanic,M,35-44,0,1,0
2013,ROS,White Non Hispanic,F,35-44,0,0,0
2013,ROS,White Non Hispanic,M,25-34,0,0,0
2013,ROS,White Non Hispanic,F,25-34,0,0,0
2013,ROS,Other Non Hispanic,M,Total,0,0,0
2013,ROS,Other Non Hispanic,F,Total,0,0,0
2013,ROS,Other Non Hispanic,F,85+,0,0,0
2013,ROS,Other Non Hispanic,M,55-64,0,0,0
2013,ROS,Not Stated,M,Total,0,3,1
2013,ROS,Not Stated,F,Total,0,0,0
2013,ROS,Not Stated,M,<1,0,0,0
2013,ROS,Not Stated,F,<1,0,0,0
2013,ROS,Not Stated,M,85+,0,0,0
2013,ROS,Not Stated,F,85+,0,0,0
2013,ROS,Not Stated,M,75-84,0,0,0
2013,ROS,Not Stated,F,75-84,0,0,0
2013,ROS,Not Stated,M,65-74,0,1,0
2013,ROS,Not Stated,F,65-74,0,0,0
2013,ROS,Not Stated,M,55-64,0,0,1
2013,ROS,Not Stated,F,55-64,0,0,0
2013,ROS,Not Stated,M,45-54,0,2,0
2013,ROS,Not Stated,F,45-54,0,0,0
2013,ROS,Not Stated,M,35-44,0,0,0
2013,ROS,Not Stated,M,25-34,0,0,0
2013,ROS,Hispanic,M,Total,513,1803,863
2013,ROS,Hispanic,F,Total,65,797,259
2013,ROS,Hispanic,M,<1,0,0,0
2013,ROS,Hispanic,F,<1,0,0,0
2013,ROS,Hispanic,M,85+,10,62,20
2013,ROS,Hispanic,F,85+,5,47,6
2013,ROS,Hispanic,M,75-84,40,162,53
2013,ROS,Hispanic,F,75-84,3,124,7
2013,ROS,Hispanic,M,65-74,48,319,89
2013,ROS,Hispanic,F,65-74,3,159,13
2013,ROS,Hispanic,M,55-64,80,614,152
2013,ROS,Hispanic,F,55-64,11,208,69
2013,ROS,Hispanic,M,45-54,102,417,206
2013,ROS,Hispanic,F,45-54,17,177,64
2013,ROS,Hispanic,M,35-44,60,132,119
2013,ROS,Hispanic,F,35-44,9,62,35
2013,ROS,Hispanic,M,25-34,83,77,125
2013,ROS,Hispanic,F,25-34,10,18,32
2013,ROS,Hispanic,M,20-24,63,16,65
2013,ROS,Hispanic,F,20-24,7,2,17
2013,ROS,Hispanic,M,10-19,26,4,33
2013,ROS,Hispanic,F,10-19,0,0,16
2013,ROS,Hispanic,M,1-9,1,0,1
2013,ROS,Hispanic,F,1-9,0,0,0
2013,ROS,Black Non Hispanic,M,Total,0,2,1
2013,ROS,Black Non Hispanic,F,Total,0,0,0
2013,ROS,Black Non Hispanic,F,85+,0,0,0
2013,ROS,Black Non Hispanic,M,75-84,0,1,0
2013,ROS,Black Non Hispanic,F,75-84,0,0,0
2013,ROS,Black Non Hispanic,F,65-74,0,0,0
2013,ROS,Black Non Hispanic,M,55-64,0,0,1
2013,ROS,Black Non Hispanic,F,55-64,0,0,0
2013,ROS,Black Non Hispanic,M,45-54,0,1,0
2013,ROS,Black Non Hispanic,F,45-54,0,0,0
2013,ROS,Black Non Hispanic,M,35-44,0,0,0
2013,NYC,White Non Hispanic,M,Total,0,0,0
2013,NYC,White Non Hispanic,F,Total,0,0,0
2013,NYC,White Non Hispanic,M,85+,0,0,0
2013,NYC,White Non Hispanic,M,65-74,0,0,0
2013,NYC,White Non Hispanic,F,65-74,0,0,0
2013,NYC,Not Stated,M,Total,0,0,0
2013,NYC,Not Stated,M,75-84,0,0,0
2013,NYC,Hispanic,M,Total,233,1400,370
2013,NYC,Hispanic,F,Total,16,534,139
2013,NYC,Hispanic,M,<1,0,0,0
2013,NYC,Hispanic,F,<1,0,0,0
2013,NYC,Hispanic,M,85+,3,28,11
2013,NYC,Hispanic,F,85+,0,32,3
2013,NYC,Hispanic,M,75-84,5,106,24
2013,NYC,Hispanic,F,75-84,0,63,10
2013,NYC,Hispanic,F,65-74,0,101,13
2013,NYC,Hispanic,M,55-64,12,456,53
2013,NYC,Hispanic,F,55-64,2,162,29
2013,NYC,Hispanic,M,45-54,22,349,63
2013,NYC,Hispanic,F,45-54,5,114,23
2013,NYC,Hispanic,M,35-44,40,131,66
2013,NYC,Hispanic,F,35-44,2,35,24
2013,NYC,Hispanic,M,25-34,78,46,74
2013,NYC,Hispanic,F,25-34,3,22,20
2013,NYC,Hispanic,M,20-24,43,4,19
2013,NYC,Hispanic,F,20-24,3,2,9
2013,NYC,Hispanic,M,10-19,21,1,16
2013,NYC,Hispanic,F,10-19,1,3,7
2013,NYC,Hispanic,M,1-9,2,0,0
2013,NYC,Hispanic,F,1-9,0,0,1
2013,NYC,Black Non Hispanic,F,Total,0,0,0
2013,NYC,Black Non Hispanic,F,65-74,0,0,0
2012,ROS,White Non Hispanic,M,Total,0,4,0
2012,ROS,White Non Hispanic,F,Total,0,1,1
2012,ROS,White Non Hispanic,F,<1,0,0,0
2012,ROS,White Non Hispanic,M,85+,0,0,0
2012,ROS,White Non Hispanic,F,85+,0,0,0
2012,ROS,White Non Hispanic,M,75-84,0,0,0
2012,ROS,White Non Hispanic,F,75-84,0,0,0
2012,ROS,White Non Hispanic,M,65-74,0,1,0
2012,ROS,White Non Hispanic,F,65-74,0,0,1
2012,ROS,White Non Hispanic,M,55-64,0,2,0
2012,ROS,White Non Hispanic,F,55-64,0,1,0
2012,ROS,White Non Hispanic,M,45-54,0,0,0
2012,ROS,White Non Hispanic,F,45-54,0,0,0
2012,ROS,White Non Hispanic,M,35-44,0,0,0
2012,ROS,White Non Hispanic,F,35-44,0,0,0
2012,NYC,Black Non Hispanic,M,65-74,0,1,0
2012,NYC,Black Non Hispanic,M,Total,0,1,0
2012,NYC,Hispanic,F,1-9,0,0,0
2012,NYC,Hispanic,M,1-9,1,0,0
2012,NYC,Hispanic,F,10-19,1,0,11
2012,NYC,Hispanic,M,10-19,35,1,13
2012,NYC,Hispanic,F,20-24,3,4,10
2012,NYC,Hispanic,M,20-24,73,7,26
2012,NYC,Hispanic,F,25-34,6,21,26
2012,NYC,Hispanic,M,25-34,86,50,61
2012,NYC,Hispanic,F,35-44,6,34,17
2012,NYC,Hispanic,M,35-44,31,137,60
2012,ROS,White Non Hispanic,M,25-34,0,1,0
2012,ROS,White Non Hispanic,F,20-24,0,0,0
2012,ROS,White Non Hispanic,M,1-9,0,0,0
2012,ROS,Other Non Hispanic,F,Total,0,0,0
2012,ROS,Other Non Hispanic,F,55-64,0,0,0
2012,ROS,Other Non Hispanic,F,25-34,0,0,0
2012,ROS,Not Stated,M,Total,0,1,1
2012,ROS,Not Stated,F,Total,0,0,0
2012,ROS,Not Stated,M,<1,0,0,0
2012,ROS,Not Stated,F,<1,0,0,0
2012,ROS,Not Stated,M,85+,0,0,0
2012,ROS,Not Stated,F,85+,0,0,0
2012,ROS,Not Stated,M,75-84,0,0,0
2012,ROS,Not Stated,F,75-84,0,0,0
2012,ROS,Not Stated,M,65-74,0,0,0
2012,ROS,Not Stated,F,65-74,0,0,0
2012,ROS,Not Stated,M,55-64,0,0,0
2012,ROS,Not Stated,F,55-64,0,0,0
2012,ROS,Not Stated,M,45-54,0,0,0
2012,ROS,Not Stated,M,35-44,0,1,0
2012,ROS,Not Stated,M,25-34,0,0,1
2012,ROS,Hispanic,M,Total,597,1719,904
2012,ROS,Hispanic,F,Total,51,729,236
2012,ROS,Hispanic,M,<1,0,0,0
2012,ROS,Hispanic,F,<1,0,1,0
2012,ROS,Hispanic,M,85+,12,40,17
2012,ROS,Hispanic,F,85+,2,51,4
2012,ROS,Hispanic,M,75-84,43,158,51
2012,ROS,Hispanic,F,75-84,2,101,8
2012,ROS,Hispanic,M,65-74,57,317,89
2012,ROS,Hispanic,F,65-74,3,121,20
2012,ROS,Hispanic,M,55-64,87,569,161
2012,ROS,Hispanic,F,55-64,7,213,42
2012,ROS,Hispanic,M,45-54,89,439,201
2012,ROS,Hispanic,F,45-54,11,174,70
2012,ROS,Hispanic,M,35-44,79,120,143
2012,ROS,Hispanic,F,35-44,8,54,28
2012,ROS,Hispanic,M,25-34,103,62,131
2012,ROS,Hispanic,F,25-34,9,9,25
2012,ROS,Hispanic,M,20-24,82,12,64
2012,ROS,Hispanic,F,20-24,6,4,21
2012,ROS,Hispanic,M,10-19,44,2,47
2012,ROS,Hispanic,F,10-19,3,1,18
2012,ROS,Hispanic,M,1-9,1,0,0
2012,ROS,Hispanic,F,1-9,0,0,0
2012,ROS,Black Non Hispanic,M,Total,1,1,0
2012,ROS,Black Non Hispanic,F,Total,0,0,0
2012,ROS,Black Non Hispanic,M,<1,0,0,0
2012,ROS,Black Non Hispanic,M,85+,0,0,0
2012,ROS,Black Non Hispanic,F,85+,0,0,0
2012,ROS,Black Non Hispanic,M,75-84,0,0,0
2012,ROS,Black Non Hispanic,M,65-74,0,0,0
2012,ROS,Black Non Hispanic,F,65-74,0,0,0
2012,ROS,Black Non Hispanic,F,55-64,0,0,0
2012,ROS,Black Non Hispanic,M,45-54,0,1,0
2012,ROS,Black Non Hispanic,F,45-54,0,0,0
2012,ROS,Black Non Hispanic,M,35-44,1,0,0
2012,ROS,Black Non Hispanic,M,20-24,0,0,0
2012,ROS,Black Non Hispanic,M,1-9,0,0,0
2012,NYC,White Non Hispanic,F,Total,0,0,0
2012,NYC,White Non Hispanic,F,85+,0,0,0
2012,NYC,Not Stated,M,Total,0,0,0
2012,NYC,Not Stated,M,85+,0,0,0
2012,NYC,Hispanic,M,Total,279,1329,363
2012,NYC,Hispanic,F,Total,20,522,151
2012,NYC,Hispanic,M,<1,0,0,0
2012,NYC,Hispanic,F,<1,0,0,0
2012,NYC,Hispanic,M,85+,4,18,10
2012,NYC,Hispanic,F,85+,0,22,2
2012,NYC,Hispanic,M,75-84,3,78,20
2012,NYC,Hispanic,F,75-84,0,61,11
2012,NYC,Hispanic,M,65-74,8,238,27
2012,NYC,Hispanic,F,65-74,2,95,12
2012,NYC,Hispanic,M,55-64,13,460,62
2012,NYC,Hispanic,F,55-64,1,167,28
2012,NYC,Hispanic,M,45-54,25,340,84
2012,NYC,Hispanic,F,45-54,1,118,34
2011,ROS,White Non Hispanic,M,25-34,1,0,1
2011,NYC,Black Non Hispanic,F,35-44,0,0,0
2011,NYC,Black Non Hispanic,M,35-44,0,0,0
2011,NYC,Black Non Hispanic,M,55-64,0,0,0
2011,NYC,Black Non Hispanic,M,75-84,0,0,0
2011,NYC,Black Non Hispanic,F,85+,0,0,0
2011,NYC,Black Non Hispanic,F,Total,0,0,0
2011,NYC,Black Non Hispanic,M,Total,0,0,0
2011,NYC,Hispanic,F,1-9,0,0,0
2011,NYC,Hispanic,M,1-9,0,0,0
2011,NYC,Hispanic,F,10-19,0,0,7
2011,NYC,Hispanic,M,10-19,1,2,20
2011,NYC,Hispanic,F,20-24,0,4,9
2011,NYC,Hispanic,M,20-24,2,11,24
2011,NYC,Hispanic,F,25-34,0,14,28
2011,NYC,Hispanic,M,25-34,7,47,61
2011,NYC,Hispanic,F,35-44,2,42,13
2011,NYC,Hispanic,M,35-44,6,123,61
2011,NYC,Hispanic,F,45-54,0,112,23
2011,NYC,Hispanic,M,45-54,2,330,85
2011,NYC,Hispanic,F,55-64,1,114,10
2011,NYC,Hispanic,M,55-64,2,445,57
2011,NYC,Hispanic,F,65-74,0,99,17
2011,NYC,Hispanic,M,65-74,0,222,35
2011,NYC,Hispanic,F,75-84,0,64,7
2011,NYC,Hispanic,M,75-84,1,84,19
2011,NYC,Hispanic,F,85+,0,20,7
2011,NYC,Hispanic,M,85+,0,26,3
2011,NYC,Hispanic,F,<1,0,0,0
2011,NYC,Hispanic,M,<1,0,0,0
2011,NYC,Hispanic,F,Total,3,469,121
2011,NYC,Hispanic,M,Total,21,1290,365
2011,NYC,Other Non Hispanic,F,65-74,0,0,0
2011,NYC,Other Non Hispanic,F,Total,0,0,0
2011,NYC,White Non Hispanic,M,25-34,0,0,0
2011,NYC,White Non Hispanic,F,45-54,0,0,0
2011,NYC,White Non Hispanic,F,55-64,0,0,0
2011,NYC,White Non Hispanic,M,65-74,0,0,0
2011,NYC,White Non Hispanic,F,75-84,0,0,0
2011,NYC,White Non Hispanic,M,75-84,0,0,0
2011,NYC,White Non Hispanic,F,85+,0,0,0
2011,NYC,White Non Hispanic,F,Total,0,0,0
2011,NYC,White Non Hispanic,M,Total,0,0,0
2011,ROS,Black Non Hispanic,M,10-19,0,0,0
2011,ROS,Black Non Hispanic,M,25-34,0,0,0
2011,ROS,Black Non Hispanic,F,35-44,0,0,0
2011,ROS,Black Non Hispanic,F,45-54,0,0,0
2011,ROS,Black Non Hispanic,M,45-54,0,0,0
2011,ROS,Black Non Hispanic,M,55-64,0,0,0
2011,ROS,Black Non Hispanic,M,65-74,0,0,0
2011,ROS,Black Non Hispanic,F,75-84,0,0,0
2011,ROS,Black Non Hispanic,M,75-84,0,0,0
2011,ROS,Black Non Hispanic,F,85+,0,0,0
2011,ROS,Black Non Hispanic,M,85+,0,0,0
2011,ROS,Black Non Hispanic,F,Total,0,0,0
2011,ROS,Black Non Hispanic,M,Total,0,0,0
2011,ROS,Hispanic,F,1-9,1,0,0
2011,ROS,Hispanic,M,1-9,1,0,0
2011,ROS,Hispanic,F,10-19,10,2,20
2011,ROS,Hispanic,M,10-19,42,3,46
2011,ROS,Hispanic,F,20-24,4,3,18
2011,ROS,Hispanic,M,20-24,57,17,76
2011,ROS,Hispanic,F,25-34,10,16,22
2011,ROS,Hispanic,M,25-34,83,51,132
2011,ROS,Hispanic,F,35-44,8,42,43
2011,ROS,Hispanic,M,35-44,64,133,155
2011,ROS,Hispanic,F,45-54,14,162,50
2011,ROS,Hispanic,M,45-54,103,371,203
2011,ROS,Hispanic,F,55-64,7,188,40
2011,ROS,Hispanic,M,55-64,79,549,145
2011,ROS,Hispanic,F,65-74,2,140,7
2011,ROS,Hispanic,M,65-74,46,260,69
2011,ROS,Hispanic,F,75-84,0,138,8
2011,ROS,Hispanic,M,75-84,51,153,65
2011,ROS,Hispanic,F,85+,1,52,4
2011,ROS,Hispanic,M,85+,14,45,22
2011,ROS,Hispanic,F,<1,0,0,0
2011,ROS,Hispanic,M,<1,0,0,0
2011,ROS,Hispanic,F,Total,57,743,212
2011,ROS,Hispanic,M,Total,540,1582,913
2011,ROS,Not Stated,M,35-44,0,0,0
2011,ROS,Not Stated,M,45-54,0,1,0
2011,ROS,Not Stated,F,55-64,0,0,0
2011,ROS,Not Stated,M,55-64,0,1,0
2011,ROS,Not Stated,F,65-74,0,1,0
2011,ROS,Not Stated,M,65-74,0,0,0
2011,ROS,Not Stated,F,75-84,0,0,0
2011,ROS,Not Stated,M,75-84,0,0,0
2011,ROS,Not Stated,M,85+,0,0,0
2011,ROS,Not Stated,M,<1,0,0,0
2011,ROS,Not Stated,F,Total,0,1,0
2011,ROS,Not Stated,M,Total,0,2,0
2011,ROS,Other Non Hispanic,F,10-19,0,0,1
2011,ROS,Other Non Hispanic,F,Total,0,0,1
2011,ROS,White Non Hispanic,M,20-24,0,0,0
2011,ROS,White Non Hispanic,F,25-34,0,0,0
2011,ROS,White Non Hispanic,M,Total,1,6,3
2011,ROS,White Non Hispanic,F,Total,0,4,2
2011,ROS,White Non Hispanic,M,<1,0,0,0
2011,ROS,White Non Hispanic,F,<1,0,0,0
2011,ROS,White Non Hispanic,M,85+,0,0,0
2011,ROS,White Non Hispanic,F,85+,0,0,0
2011,ROS,White Non Hispanic,M,75-84,0,0,0
2011,ROS,White Non Hispanic,F,75-84,0,0,0
2011,ROS,White Non Hispanic,M,65-74,0,2,0
2011,ROS,White Non Hispanic,F,65-74,0,2,1
2011,ROS,White Non Hispanic,M,55-64,0,4,1
2011,ROS,White Non Hispanic,F,55-64,0,1,0
2011,ROS,White Non Hispanic,M,45-54,0,0,0
2011,ROS,White Non Hispanic,F,45-54,0,1,1
2011,ROS,White Non Hispanic,M,35-44,0,0,1
2010,ROS,White Non Hispanic,M,35-44,0,1,0
2010,ROS,Hispanic,F,Total,59,652,187
2010,ROS,Hispanic,M,<1,1,0,0
2010,ROS,Hispanic,F,<1,0,0,0
2010,ROS,Hispanic,M,85+,12,53,20
2010,ROS,Hispanic,F,85+,1,53,5
2010,ROS,Hispanic,M,75-84,40,161,55
2010,ROS,Hispanic,F,75-84,1,109,6
2010,ROS,Hispanic,M,65-74,56,260,72
2010,ROS,Hispanic,F,65-74,6,128,15
2010,ROS,Hispanic,M,55-64,62,526,115
2010,ROS,Hispanic,F,55-64,8,157,37
2010,ROS,Hispanic,M,45-54,104,373,223
2010,ROS,Hispanic,F,45-54,15,149,49
2010,ROS,Hispanic,M,35-44,85,129,158
2010,ROS,Hispanic,F,35-44,11,44,32
2010,ROS,Hispanic,M,25-34,80,61,109
2010,ROS,Hispanic,F,25-34,13,9,20
2010,ROS,Hispanic,M,20-24,69,14,74
2010,ROS,Hispanic,F,20-24,1,3,10
2010,ROS,Hispanic,M,10-19,37,3,40
2010,ROS,Hispanic,F,10-19,2,0,13
2010,ROS,Hispanic,M,1-9,4,0,0
2010,ROS,Hispanic,F,1-9,1,0,0
2010,ROS,Black Non Hispanic,M,Total,2,1,1
2010,ROS,Black Non Hispanic,F,Total,0,0,0
2010,ROS,Black Non Hispanic,M,85+,0,0,0
2010,ROS,Black Non Hispanic,F,85+,0,0,0
2010,ROS,Black Non Hispanic,M,75-84,0,0,0
2010,ROS,Black Non Hispanic,M,65-74,0,0,0
2010,ROS,Black Non Hispanic,F,65-74,0,0,0
2010,ROS,Black Non Hispanic,M,55-64,0,1,0
2010,ROS,Black Non Hispanic,F,55-64,0,0,0
2010,ROS,Black Non Hispanic,F,45-54,0,0,0
2010,ROS,Black Non Hispanic,M,35-44,1,0,1
2010,ROS,Black Non Hispanic,F,35-44,0,0,0
2010,ROS,Black Non Hispanic,M,25-34,1,0,0
2010,NYC,White Non Hispanic,F,Total,0,0,0
2010,NYC,White Non Hispanic,F,85+,0,0,0
2010,NYC,Not Stated,M,Total,0,0,0
2010,NYC,Not Stated,F,Total,0,0,0
2010,NYC,Not Stated,M,75-84,0,0,0
2010,NYC,Not Stated,M,45-54,0,0,0
2010,NYC,Not Stated,F,45-54,0,0,0
2010,NYC,Not Stated,M,10-19,0,0,0
2010,NYC,Hispanic,M,Total,21,1200,338
2010,NYC,Hispanic,F,Total,1,433,116
2010,NYC,Hispanic,M,<1,0,0,0
2010,NYC,Hispanic,F,<1,0,0,0
2010,NYC,Hispanic,M,85+,0,22,8
2010,NYC,Hispanic,F,85+,0,25,2
2010,NYC,Hispanic,M,75-84,0,93,11
2010,NYC,Hispanic,F,75-84,0,49,3
2010,NYC,Hispanic,M,65-74,0,206,21
2010,NYC,Hispanic,F,65-74,0,82,12
2010,NYC,Hispanic,M,55-64,5,377,64
2010,NYC,Hispanic,F,55-64,0,128,16
2010,NYC,Hispanic,M,45-54,5,339,84
2010,NYC,Hispanic,F,45-54,0,102,27
2010,NYC,Hispanic,M,35-44,0,118,65
2010,NYC,Hispanic,F,35-44,1,31,20
2010,NYC,Hispanic,M,25-34,6,38,49
2010,NYC,Hispanic,F,25-34,0,15,25
2010,NYC,Hispanic,M,20-24,4,6,25
2010,NYC,Hispanic,F,20-24,0,1,6
2010,NYC,Hispanic,M,10-19,1,1,11
2010,NYC,Hispanic,F,10-19,0,0,5
2010,NYC,Hispanic,M,1-9,0,0,0
2010,NYC,Hispanic,F,1-9,0,0,0
2010,NYC,Black Non Hispanic,M,Total,1,0,0
2010,NYC,Black Non Hispanic,F,Total,0,0,0
2010,NYC,Black Non Hispanic,F,85+,0,0,0
2010,NYC,Black Non Hispanic,F,75-84,0,0,0
2010,NYC,Black Non Hispanic,M,65-74,0,0,0
2010,NYC,Black Non Hispanic,M,55-64,0,0,0
2010,NYC,Black Non Hispanic,F,55-64,0,0,0
2010,NYC,Black Non Hispanic,F,45-54,0,0,0
2010,NYC,Black Non Hispanic,F,25-34,0,0,0
2010,NYC,Black Non Hispanic,M,10-19,1,0,0
2010,ROS,White Non Hispanic,M,Total,0,4,0
2010,ROS,White Non Hispanic,F,Total,0,2,0
2010,ROS,White Non Hispanic,M,85+,0,0,0
2010,ROS,White Non Hispanic,F,85+,0,0,0
2010,ROS,White Non Hispanic,M,75-84,0,0,0
2010,ROS,White Non Hispanic,F,75-84,0,0,0
2010,ROS,White Non Hispanic,M,65-74,0,0,0
2010,ROS,White Non Hispanic,F,65-74,0,1,0
2010,ROS,White Non Hispanic,M,55-64,0,2,0
2010,ROS,White Non Hispanic,F,55-64,0,1,0
2010,ROS,White Non Hispanic,M,45-54,0,1,0
2010,ROS,White Non Hispanic,F,45-54,0,0,0
2010,ROS,Hispanic,M,Total,550,1580,866
2010,ROS,Not Stated,M,35-44,0,0,0
2010,ROS,Not Stated,M,45-54,0,0,0
2010,ROS,Not Stated,F,55-64,0,0,0
2010,ROS,Not Stated,M,55-64,0,1,0
2010,ROS,Not Stated,F,65-74,0,0,0
2010,ROS,Not Stated,M,65-74,0,0,0
2010,ROS,Not Stated,F,75-84,0,0,0
2010,ROS,Not Stated,M,75-84,0,0,0
2010,ROS,Not Stated,F,85+,0,0,0
2010,ROS,Not Stated,M,85+,0,0,0
2010,ROS,Not Stated,F,<1,0,0,0
2010,ROS,Not Stated,M,<1,0,0,0
2010,ROS,Not Stated,F,Total,0,0,0
2010,ROS,Not Stated,M,Total,0,1,0
2010,ROS,White Non Hispanic,M,25-34,0,0,0
2009,ROS,Other Non Hispanic,F,85+,0,0,0
2009,NYC,Black Non Hispanic,F,45-54,0,0,0
2009,NYC,Black Non Hispanic,M,55-64,0,0,0
2009,NYC,Black Non Hispanic,F,65-74,0,0,0
2009,NYC,Black Non Hispanic,F,75-84,0,0,0
2009,NYC,Black Non Hispanic,M,75-84,0,1,0
2009,NYC,Black Non Hispanic,F,Total,0,0,0
2009,NYC,Black Non Hispanic,M,Total,0,1,0
2009,NYC,Hispanic,F,1-9,0,0,0
2009,NYC,Hispanic,M,1-9,0,0,1
2009,NYC,Hispanic,F,10-19,0,0,6
2009,NYC,Hispanic,M,10-19,3,1,12
2009,NYC,Hispanic,F,20-24,0,0,11
2009,NYC,Hispanic,M,20-24,7,3,26
2009,NYC,Hispanic,F,25-34,1,8,12
2009,NYC,Hispanic,M,25-34,10,42,56
2009,NYC,Hispanic,F,35-44,0,46,20
2009,NYC,Hispanic,M,35-44,9,127,61
2009,NYC,Hispanic,F,45-54,2,108,18
2009,NYC,Hispanic,M,45-54,2,373,78
2009,NYC,Hispanic,F,55-64,0,125,20
2009,NYC,Hispanic,M,55-64,3,397,57
2009,NYC,Hispanic,F,65-74,0,71,10
2009,NYC,Hispanic,M,65-74,0,224,19
2009,NYC,Hispanic,F,75-84,1,72,7
2009,NYC,Hispanic,M,75-84,1,95,21
2009,NYC,Hispanic,F,85+,0,14,5
2009,NYC,Hispanic,M,85+,0,27,5
2009,NYC,Hispanic,F,<1,0,0,0
2009,NYC,Hispanic,M,<1,0,1,0
2009,NYC,Hispanic,F,Total,4,444,109
2009,NYC,Hispanic,M,Total,35,1290,336
2009,NYC,Not Stated,M,<1,0,0,0
2009,NYC,Not Stated,M,Total,0,0,0
2009,NYC,White Non Hispanic,F,55-64,0,0,0
2009,NYC,White Non Hispanic,F,75-84,0,0,0
2009,NYC,White Non Hispanic,F,85+,0,0,0
2009,NYC,White Non Hispanic,M,<1,0,0,0
2009,NYC,White Non Hispanic,F,Total,0,0,0
2009,NYC,White Non Hispanic,M,Total,0,0,0
2009,ROS,Black Non Hispanic,F,25-34,0,0,0
2009,ROS,Black Non Hispanic,M,25-34,0,0,0
2009,ROS,Black Non Hispanic,M,35-44,0,0,0
2009,ROS,Black Non Hispanic,F,45-54,0,0,0
2009,ROS,Black Non Hispanic,M,45-54,0,0,0
2009,ROS,Black Non Hispanic,F,55-64,0,0,0
2009,ROS,Black Non Hispanic,M,55-64,0,1,0
2009,ROS,Black Non Hispanic,F,65-74,0,1,0
2009,ROS,Black Non Hispanic,M,65-74,0,0,0
2009,ROS,Black Non Hispanic,F,75-84,0,0,0
2009,ROS,Black Non Hispanic,M,75-84,0,0,0
2009,ROS,Black Non Hispanic,F,Total,0,1,0
2009,ROS,Black Non Hispanic,M,Total,0,1,0
2009,ROS,Hispanic,F,1-9,0,0,0
2009,ROS,Hispanic,M,1-9,1,0,0
2009,ROS,Hispanic,F,10-19,5,1,15
2009,ROS,Hispanic,M,10-19,35,4,36
2009,ROS,Hispanic,F,20-24,5,2,11
2009,ROS,Hispanic,M,20-24,62,13,68
2009,ROS,Hispanic,F,25-34,6,9,22
2009,ROS,Hispanic,M,25-34,90,50,81
2009,ROS,Hispanic,F,35-44,11,46,41
2009,ROS,Hispanic,M,35-44,61,122,130
2009,ROS,Hispanic,F,45-54,13,117,47
2009,ROS,Hispanic,M,45-54,78,396,189
2009,ROS,Hispanic,F,55-64,9,146,23
2009,ROS,Hispanic,M,55-64,66,442,122
2009,ROS,Hispanic,F,65-74,4,126,14
2009,ROS,Hispanic,M,65-74,43,264,66
2009,ROS,Hispanic,F,75-84,2,105,4
2009,ROS,Hispanic,M,75-84,30,161,43
2009,ROS,Hispanic,F,85+,6,52,8
2009,ROS,Hispanic,M,85+,20,48,27
2009,ROS,Hispanic,F,<1,0,0,0
2009,ROS,Hispanic,M,<1,0,0,0
2009,ROS,Hispanic,F,Total,61,604,185
2009,ROS,Hispanic,M,Total,486,1500,762
2009,ROS,Not Stated,M,25-34,0,0,0
2009,ROS,Not Stated,F,35-44,0,0,0
2009,ROS,Not Stated,F,45-54,0,0,0
2009,ROS,Not Stated,M,45-54,0,2,0
2009,ROS,Not Stated,F,65-74,0,0,0
2009,ROS,Not Stated,M,65-74,0,0,0
2009,ROS,Not Stated,M,75-84,0,0,0
2009,ROS,Not Stated,F,85+,0,0,0
2009,ROS,Not Stated,M,85+,0,0,0
2009,ROS,Not Stated,F,<1,0,0,0
2009,ROS,Not Stated,F,Total,0,0,0
2009,ROS,Not Stated,M,Total,0,2,0
2009,ROS,Other Non Hispanic,M,35-44,0,1,0
2009,ROS,Other Non Hispanic,F,Total,0,0,0
2009,ROS,Other Non Hispanic,M,Total,0,1,0
2009,ROS,White Non Hispanic,F,1-9,0,0,0
2009,ROS,White Non Hispanic,M,20-24,1,0,1
2009,ROS,White Non Hispanic,M,35-44,0,1,0
2009,ROS,White Non Hispanic,F,45-54,0,0,0
2009,ROS,White Non Hispanic,M,45-54,0,0,0
2009,ROS,White Non Hispanic,F,55-64,0,0,0
2009,ROS,White Non Hispanic,M,55-64,0,3,0
2009,ROS,White Non Hispanic,F,65-74,0,0,0
2009,ROS,White Non Hispanic,M,65-74,0,0,0
2009,ROS,White Non Hispanic,F,75-84,0,0,0
2009,ROS,White Non Hispanic,M,75-84,0,0,0
2009,ROS,White Non Hispanic,F,85+,0,0,0
2009,ROS,White Non Hispanic,M,85+,0,0,0
2009,ROS,White Non Hispanic,F,Total,0,0,0
2009,ROS,White Non Hispanic,M,Total,1,4,1
2008,ROS,White Non Hispanic,M,Total,1,3,2
2008,ROS,White Non Hispanic,F,Total,0,0,0
2008,ROS,White Non Hispanic,M,85+,0,0,0
2008,ROS,White Non Hispanic,F,85+,0,0,0
2008,ROS,White Non Hispanic,M,75-84,0,0,0
2008,ROS,White Non Hispanic,F,75-84,0,0,0
2008,ROS,White Non Hispanic,M,65-74,0,0,0
2008,ROS,White Non Hispanic,F,65-74,0,0,0
2008,ROS,White Non Hispanic,M,55-64,1,0,1
2008,ROS,White Non Hispanic,F,55-64,0,0,0
2008,ROS,White Non Hispanic,M,45-54,0,1,1
2008,ROS,White Non Hispanic,F,45-54,0,0,0
2008,ROS,White Non Hispanic,M,35-44,0,2,0
2008,ROS,White Non Hispanic,F,35-44,0,0,0
2008,ROS,Other Non Hispanic,M,Total,0,0,0
2008,ROS,Other Non Hispanic,M,75-84,0,0,0
2008,ROS,Not Stated,M,Total,0,1,0
2008,ROS,Not Stated,F,Total,0,1,0
2008,ROS,Not Stated,M,85+,0,0,0
2008,ROS,Not Stated,F,85+,0,0,0
2008,ROS,Not Stated,M,75-84,0,0,0
2008,ROS,Not Stated,F,75-84,0,0,0
2008,ROS,Not Stated,M,65-74,0,0,0
2008,ROS,Not Stated,M,55-64,0,0,0
2008,ROS,Not Stated,F,55-64,0,1,0
2008,ROS,Not Stated,M,45-54,0,1,0
2008,ROS,Not Stated,F,45-54,0,0,0
2008,ROS,Hispanic,M,Total,487,1487,734
2008,ROS,Hispanic,F,Total,55,667,197
2008,ROS,Hispanic,M,<1,0,0,0
2008,ROS,Hispanic,F,<1,0,0,0
2008,ROS,Hispanic,M,85+,16,42,21
2008,ROS,Hispanic,F,85+,4,58,4
2008,ROS,Hispanic,M,75-84,31,178,48
2008,ROS,Hispanic,F,75-84,2,132,9
2008,ROS,Hispanic,M,65-74,41,244,62
2008,ROS,Hispanic,F,65-74,1,123,13
2008,ROS,Hispanic,M,55-64,57,453,109
2008,ROS,Hispanic,F,55-64,4,142,34
2008,ROS,Hispanic,M,45-54,77,370,160
2008,ROS,Hispanic,F,45-54,12,147,59
2008,ROS,Hispanic,M,35-44,84,128,153
2008,ROS,Hispanic,F,35-44,10,46,34
2008,ROS,Hispanic,M,25-34,83,44,98
2008,ROS,Hispanic,F,25-34,11,12,18
2008,ROS,Hispanic,M,20-24,55,24,54
2008,ROS,Hispanic,F,20-24,5,5,18
2008,ROS,Hispanic,M,10-19,42,4,29
2008,ROS,Hispanic,F,10-19,6,1,8
2008,ROS,Hispanic,M,1-9,1,0,0
2008,ROS,Hispanic,F,1-9,0,1,0
2008,ROS,Black Non Hispanic,M,Total,0,0,0
2008,ROS,Black Non Hispanic,F,Total,0,0,0
2008,ROS,Black Non Hispanic,M,<1,0,0,0
2008,ROS,Black Non Hispanic,F,<1,0,0,0
2008,ROS,Black Non Hispanic,M,85+,0,0,0
2008,ROS,Black Non Hispanic,M,75-84,0,0,0
2008,ROS,Black Non Hispanic,F,75-84,0,0,0
2008,ROS,Black Non Hispanic,M,65-74,0,0,0
2008,ROS,Black Non Hispanic,F,65-74,0,0,0
2008,ROS,Black Non Hispanic,M,55-64,0,0,0
2008,ROS,Black Non Hispanic,F,55-64,0,0,0
2008,ROS,Black Non Hispanic,M,45-54,0,0,0
2008,ROS,Black Non Hispanic,F,45-54,0,0,0
2008,ROS,Black Non Hispanic,M,35-44,0,0,0
2008,NYC,White Non Hispanic,M,Total,0,0,0
2008,NYC,White Non Hispanic,F,Total,0,0,0
2008,NYC,White Non Hispanic,M,75-84,0,0,0
2008,NYC,White Non Hispanic,M,65-74,0,0,0
2008,NYC,White Non Hispanic,M,35-44,0,0,0
2008,NYC,White Non Hispanic,F,35-44,0,0,0
2008,NYC,White Non Hispanic,F,25-34,0,0,0
2008,NYC,Not Stated,M,Total,0,0,0
2008,NYC,Not Stated,M,75-84,0,0,0
2008,NYC,Not Stated,M,65-74,0,0,0
2008,NYC,Not Stated,M,55-64,0,0,0
2008,NYC,Not Stated,M,45-54,0,0,0
2008,NYC,Hispanic,M,Total,32,1218,331
2008,NYC,Hispanic,F,Total,3,429,122
2008,NYC,Hispanic,M,<1,0,0,0
2008,NYC,Hispanic,F,<1,0,0,0
2008,NYC,Hispanic,M,85+,0,17,2
2008,NYC,Hispanic,F,85+,0,19,4
2008,NYC,Hispanic,M,75-84,0,63,18
2008,NYC,Hispanic,F,75-84,0,49,6
2008,NYC,Hispanic,M,65-74,1,176,38
2008,NYC,Hispanic,F,65-74,0,80,13
2008,NYC,Hispanic,M,55-64,1,402,44
2008,NYC,Hispanic,F,55-64,0,118,12
2008,NYC,Hispanic,M,45-54,4,352,82
2008,NYC,Hispanic,F,45-54,1,106,23
2008,NYC,Hispanic,M,35-44,4,146,61
2008,NYC,Hispanic,F,35-44,1,51,28
2008,NYC,Hispanic,M,25-34,6,48,54
2008,NYC,Hispanic,F,25-34,0,6,26
2008,NYC,Hispanic,M,20-24,14,9,21
2008,NYC,Hispanic,F,20-24,1,0,4
2008,NYC,Hispanic,M,10-19,2,5,11
2008,NYC,Hispanic,F,10-19,0,0,6
2008,NYC,Hispanic,M,1-9,0,0,0
2008,NYC,Hispanic,F,1-9,0,0,0
2008,NYC,Black Non Hispanic,M,Total,0,1,0
2008,NYC,Black Non Hispanic,F,Total,0,0,0
2008,NYC,Black Non Hispanic,M,85+,0,0,0
2008,NYC,Black Non Hispanic,M,75-84,0,0,0
2008,NYC,Black Non Hispanic,F,75-84,0,0,0
2008,NYC,Black Non Hispanic,F,65-74,0,0,0
2008,NYC,Black Non Hispanic,M,55-64,0,1,0
2008,NYC,Black Non Hispanic,M,25-34,0,0,0
2007,ROS,White Non Hispanic,M,Total,1,0,1
2007,ROS,White Non Hispanic,F,Total,0,1,0
2007,ROS,White Non Hispanic,M,85+,0,0,0
2007,ROS,White Non Hispanic,F,85+,0,0,0
2007,ROS,White Non Hispanic,M,75-84,1,0,1
2007,ROS,White Non Hispanic,F,75-84,0,1,0
2007,ROS,White Non Hispanic,M,65-74,0,0,0
2007,ROS,White Non Hispanic,F,65-74,0,0,0
2007,ROS,White Non Hispanic,M,55-64,0,0,0
2007,ROS,White Non Hispanic,F,55-64,0,0,0
2007,ROS,White Non Hispanic,M,45-54,0,0,0
2007,ROS,White Non Hispanic,F,45-54,0,0,0
2007,ROS,Other Non Hispanic,M,Total,0,0,0
2007,ROS,Other Non Hispanic,F,Total,0,0,0
2007,ROS,Other Non Hispanic,M,85+,0,0,0
2007,ROS,Other Non Hispanic,F,75-84,0,0,0
2007,ROS,Other Non Hispanic,M,55-64,0,0,0
2007,ROS,Other Non Hispanic,M,25-34,0,0,0
2007,ROS,Not Stated,M,Total,0,0,0
2007,ROS,Not Stated,F,Total,0,0,0
2007,ROS,Not Stated,M,<1,0,0,0
2007,ROS,Not Stated,F,<1,0,0,0
2007,ROS,Not Stated,M,85+,0,0,0
2007,ROS,Not Stated,F,85+,0,0,0
2007,ROS,Not Stated,M,75-84,0,0,0
2007,ROS,Not Stated,F,75-84,0,0,0
2007,ROS,Not Stated,M,65-74,0,0,0
2007,ROS,Not Stated,F,65-74,0,0,0
2007,ROS,Not Stated,M,55-64,0,0,0
2007,ROS,Not Stated,M,25-34,0,0,0
2007,ROS,Not Stated,F,25-34,0,0,0
2007,ROS,Not Stated,M,10-19,0,0,0
2007,ROS,Not Stated,F,10-19,0,0,0
2007,ROS,Hispanic,M,Total,510,1467,719
2007,ROS,Hispanic,F,Total,55,618,204
2007,ROS,Hispanic,M,<1,0,0,0
2007,ROS,Hispanic,F,<1,0,0,0
2007,ROS,Hispanic,M,85+,16,41,20
2007,ROS,Hispanic,F,85+,1,56,5
2007,ROS,Hispanic,M,75-84,38,170,52
2007,ROS,Hispanic,F,75-84,2,115,9
2007,ROS,Hispanic,M,65-74,38,263,50
2007,ROS,Hispanic,F,65-74,3,111,20
2007,ROS,Hispanic,M,55-64,65,387,103
2007,ROS,Hispanic,F,55-64,5,134,37
2007,ROS,Hispanic,M,45-54,90,396,173
2007,ROS,Hispanic,F,45-54,4,128,49
2007,ROS,Hispanic,M,35-44,82,129,146
2007,ROS,Hispanic,F,35-44,18,54,40
2007,ROS,Hispanic,M,25-34,82,57,93
2007,ROS,Hispanic,F,25-34,13,19,26
2007,ROS,Hispanic,M,20-24,60,19,51
2007,ROS,Hispanic,F,20-24,3,0,8
2007,ROS,Hispanic,M,10-19,39,5,31
2007,ROS,Hispanic,F,10-19,5,1,10
2007,ROS,Hispanic,M,1-9,0,0,0
2007,ROS,Hispanic,F,1-9,1,0,0
2007,ROS,Black Non Hispanic,M,Total,0,1,0
2007,ROS,Black Non Hispanic,F,Total,0,0,0
2007,ROS,Black Non Hispanic,M,<1,0,0,0
2007,ROS,Black Non Hispanic,F,85+,0,0,0
2007,ROS,Black Non Hispanic,F,75-84,0,0,0
2007,ROS,Black Non Hispanic,M,65-74,0,0,0
2007,ROS,Black Non Hispanic,F,65-74,0,0,0
2007,ROS,Black Non Hispanic,M,55-64,0,1,0
2007,ROS,Black Non Hispanic,F,55-64,0,0,0
2007,ROS,Black Non Hispanic,M,25-34,0,0,0
2007,NYC,White Non Hispanic,M,Total,0,0,0
2007,NYC,White Non Hispanic,F,Total,0,0,0
2007,NYC,White Non Hispanic,M,85+,0,0,0
2007,NYC,White Non Hispanic,M,75-84,0,0,0
2007,NYC,White Non Hispanic,M,65-74,0,0,0
2007,NYC,White Non Hispanic,F,65-74,0,0,0
2007,NYC,Not Stated,F,Total,0,0,0
2007,NYC,Not Stated,F,<1,0,0,0
2007,NYC,Not Stated,F,65-74,0,0,0
2007,NYC,Hispanic,M,Total,374,1085,337
2007,NYC,Hispanic,F,Total,38,422,128
2007,NYC,Hispanic,M,<1,0,0,0
2007,NYC,Hispanic,F,<1,0,0,0
2007,NYC,Hispanic,M,85+,1,18,6
2007,NYC,Hispanic,F,85+,2,25,5
2007,NYC,Hispanic,M,75-84,9,63,23
2007,NYC,Hispanic,F,75-84,2,64,10
2007,NYC,Hispanic,M,65-74,11,174,27
2007,NYC,Hispanic,F,65-74,1,71,17
2007,NYC,Hispanic,M,55-64,11,355,43
2007,NYC,Hispanic,F,55-64,2,123,26
2007,NYC,Hispanic,M,45-54,24,324,58
2007,NYC,Hispanic,F,45-54,3,93,18
2007,NYC,Hispanic,M,35-44,70,112,73
2007,NYC,Hispanic,F,35-44,8,37,20
2007,NYC,Hispanic,M,25-34,112,31,65
2007,NYC,Hispanic,F,25-34,12,6,22
2007,NYC,Hispanic,M,20-24,76,8,27
2007,NYC,Hispanic,F,20-24,6,3,8
2007,NYC,Hispanic,M,10-19,60,0,15
2007,NYC,Hispanic,F,10-19,2,0,2
2007,NYC,Hispanic,M,1-9,0,0,0
2007,NYC,Hispanic,F,1-9,0,0,0
2007,NYC,Black Non Hispanic,M,Total,0,0,1
2007,NYC,Black Non Hispanic,F,Total,0,0,0
2007,NYC,Black Non Hispanic,F,85+,0,0,0
2007,NYC,Black Non Hispanic,M,75-84,0,0,0
2007,NYC,Black Non Hispanic,F,75-84,0,0,0
2007,NYC,Black Non Hispanic,M,65-74,0,0,0
2007,NYC,Black Non Hispanic,M,45-54,0,0,0
2007,NYC,Black Non Hispanic,M,25-34,0,0,1
2006,ROS,White Non Hispanic,M,Total,0,2,1
2006,ROS,White Non Hispanic,F,Total,0,0,0
2006,ROS,White Non Hispanic,M,<1,0,0,0
2006,ROS,White Non Hispanic,F,<1,0,0,0
2006,ROS,White Non Hispanic,M,85+,0,0,0
2006,ROS,White Non Hispanic,F,85+,0,0,0
2006,ROS,White Non Hispanic,M,75-84,0,0,0
2006,ROS,White Non Hispanic,F,75-84,0,0,0
2006,ROS,White Non Hispanic,M,65-74,0,0,0
2006,ROS,White Non Hispanic,F,65-74,0,0,0
2006,ROS,White Non Hispanic,M,55-64,0,0,0
2006,ROS,White Non Hispanic,F,55-64,0,0,0
2006,ROS,White Non Hispanic,M,45-54,0,1,1
2006,ROS,White Non Hispanic,F,45-54,0,0,0
2006,ROS,White Non Hispanic,M,35-44,0,1,0
2006,ROS,White Non Hispanic,F,35-44,0,0,0
2006,ROS,Other Non Hispanic,M,Total,0,0,0
2006,ROS,Other Non Hispanic,F,Total,0,0,0
2006,ROS,Other Non Hispanic,F,<1,0,0,0
2006,ROS,Other Non Hispanic,M,75-84,0,0,0
2006,ROS,Other Non Hispanic,M,45-54,0,0,0
2006,ROS,Other Non Hispanic,F,1-9,0,0,0
2006,ROS,Not Stated,M,Total,1,1,1
2006,ROS,Not Stated,F,Total,0,0,0
2006,ROS,Not Stated,M,<1,0,0,0
2006,ROS,Not Stated,M,85+,0,0,0
2006,ROS,Not Stated,F,85+,0,0,0
2006,ROS,Not Stated,M,75-84,0,0,0
2006,ROS,Not Stated,F,75-84,0,0,0
2006,ROS,Not Stated,M,65-74,0,0,0
2006,ROS,Not Stated,F,65-74,0,0,0
2006,ROS,Not Stated,M,55-64,0,0,0
2006,ROS,Not Stated,M,45-54,0,1,0
2006,ROS,Not Stated,M,20-24,1,0,1
2006,ROS,Not Stated,F,20-24,0,0,0
2006,ROS,Hispanic,M,Total,511,1421,736
2006,ROS,Hispanic,F,Total,57,614,140
2006,ROS,Hispanic,M,<1,0,0,1
2006,ROS,Hispanic,F,<1,0,1,0
2006,ROS,Hispanic,M,85+,9,43,15
2006,ROS,Hispanic,F,85+,0,51,3
2006,ROS,Hispanic,M,75-84,28,174,43
2006,ROS,Hispanic,F,75-84,2,138,12
2006,ROS,Hispanic,M,65-74,40,254,57
2006,ROS,Hispanic,F,65-74,3,112,9
2006,ROS,Hispanic,M,55-64,53,375,97
2006,ROS,Hispanic,F,55-64,6,127,32
2006,ROS,Hispanic,M,45-54,77,370,157
2006,ROS,Hispanic,F,45-54,18,126,33
2006,ROS,Hispanic,M,35-44,78,142,151
2006,ROS,Hispanic,F,35-44,10,47,26
2006,ROS,Hispanic,M,25-34,103,40,115
2006,ROS,Hispanic,F,25-34,7,8,15
2006,ROS,Hispanic,M,20-24,69,16,59
2006,ROS,Hispanic,F,20-24,2,2,5
2006,ROS,Hispanic,M,10-19,54,7,41
2006,ROS,Hispanic,F,10-19,9,2,5
2006,ROS,Hispanic,M,1-9,0,0,0
2006,ROS,Hispanic,F,1-9,0,0,0
2006,ROS,Black Non Hispanic,M,Total,0,0,0
2006,ROS,Black Non Hispanic,F,Total,0,0,0
2006,ROS,Black Non Hispanic,F,85+,0,0,0
2006,ROS,Black Non Hispanic,M,75-84,0,0,0
2006,ROS,Black Non Hispanic,F,75-84,0,0,0
2006,ROS,Black Non Hispanic,F,65-74,0,0,0
2006,ROS,Black Non Hispanic,M,55-64,0,0,0
2006,ROS,Black Non Hispanic,F,55-64,0,0,0
2006,ROS,Black Non Hispanic,M,35-44,0,0,0
2006,ROS,Black Non Hispanic,F,25-34,0,0,0
2006,NYC,White Non Hispanic,M,Total,0,1,0
2006,NYC,White Non Hispanic,F,Total,0,0,0
2006,NYC,White Non Hispanic,M,85+,0,0,0
2006,NYC,White Non Hispanic,F,85+,0,0,0
2006,NYC,White Non Hispanic,M,75-84,0,0,0
2006,NYC,White Non Hispanic,F,75-84,0,0,0
2006,NYC,White Non Hispanic,M,55-64,0,1,0
2006,NYC,Not Stated,M,Total,0,0,0
2006,NYC,Not Stated,F,Total,0,0,0
2006,NYC,Not Stated,F,75-84,0,0,0
2006,NYC,Not Stated,M,45-54,0,0,0
2006,NYC,Hispanic,M,Total,379,1115,319
2006,NYC,Hispanic,F,Total,31,393,110
2006,NYC,Hispanic,M,<1,0,2,0
2006,NYC,Hispanic,F,<1,0,2,0
2006,NYC,Hispanic,M,85+,1,21,6
2006,NYC,Hispanic,F,85+,0,25,4
2006,NYC,Hispanic,M,75-84,4,79,23
2006,NYC,Hispanic,F,75-84,0,57,7
2006,NYC,Hispanic,M,65-74,11,167,21
2006,NYC,Hispanic,F,65-74,2,73,8
2006,NYC,Hispanic,M,55-64,14,365,49
2006,NYC,Hispanic,F,55-64,2,102,14
2006,NYC,Hispanic,M,45-54,25,353,77
2006,NYC,Hispanic,F,45-54,4,89,34
2006,NYC,Hispanic,M,35-44,47,104,54
2006,NYC,Hispanic,F,35-44,4,37,17
2006,NYC,Hispanic,M,25-34,130,24,58
2006,NYC,Hispanic,F,25-34,7,7,15
2006,NYC,Hispanic,M,20-24,106,0,23
2006,NYC,Hispanic,F,20-24,3,1,5
2006,NYC,Hispanic,M,10-19,39,0,8
2006,NYC,Hispanic,F,10-19,7,0,6
2006,NYC,Hispanic,M,1-9,2,0,0
2006,NYC,Hispanic,F,1-9,2,0,0
2006,NYC,Black Non Hispanic,M,Total,0,0,0
2006,NYC,Black Non Hispanic,F,Total,0,0,0
2006,NYC,Black Non Hispanic,F,85+,0,0,0
2006,NYC,Black Non Hispanic,F,65-74,0,0,0
2006,NYC,Black Non Hispanic,M,45-54,0,0,0
2006,NYC,Black Non Hispanic,F,45-54,0,0,0
2006,NYC,Black Non Hispanic,F,35-44,0,0,0
2006,NYC,Black Non Hispanic,M,10-19,0,0,0
2005,ROS,White Non Hispanic,M,Total,0,5,1
2005,ROS,White Non Hispanic,F,Total,0,3,0
2005,ROS,White Non Hispanic,M,<1,0,0,0
2005,ROS,White Non Hispanic,F,<1,0,0,0
2005,ROS,White Non Hispanic,M,85+,0,1,0
2005,ROS,White Non Hispanic,F,85+,0,0,0
2005,ROS,White Non Hispanic,M,75-84,0,1,0
2005,ROS,White Non Hispanic,F,75-84,0,2,0
2005,ROS,White Non Hispanic,M,65-74,0,0,0
2005,ROS,White Non Hispanic,F,65-74,0,0,0
2005,ROS,White Non Hispanic,M,55-64,0,0,0
2005,ROS,White Non Hispanic,F,55-64,0,0,0
2005,ROS,White Non Hispanic,M,45-54,0,2,1
2005,ROS,White Non Hispanic,F,45-54,0,0,0
2005,ROS,White Non Hispanic,M,35-44,0,0,0
2005,ROS,White Non Hispanic,F,35-44,0,1,0
2005,ROS,White Non Hispanic,M,25-34,0,1,0
2005,ROS,White Non Hispanic,M,20-24,0,0,0
2005,ROS,Other Non Hispanic,M,Total,0,0,0
2005,ROS,Other Non Hispanic,F,Total,0,0,0
2005,ROS,Other Non Hispanic,M,85+,0,0,0
2005,ROS,Other Non Hispanic,F,75-84,0,0,0
2005,ROS,Other Non Hispanic,F,65-74,0,0,0
2005,ROS,Other Non Hispanic,F,20-24,0,0,0
2005,ROS,Other Non Hispanic,F,1-9,0,0,0
2005,ROS,Not Stated,M,Total,0,1,0
2005,ROS,Not Stated,F,Total,0,0,0
2005,ROS,Not Stated,M,<1,0,0,0
2005,ROS,Not Stated,F,85+,0,0,0
2005,ROS,Not Stated,M,75-84,0,0,0
2005,ROS,Not Stated,F,75-84,0,0,0
2005,ROS,Not Stated,M,65-74,0,1,0
2005,ROS,Not Stated,M,55-64,0,0,0
2005,ROS,Not Stated,F,35-44,0,0,0
2005,ROS,Not Stated,M,25-34,0,0,0
2005,ROS,Hispanic,M,Total,509,1448,699
2005,ROS,Hispanic,F,Total,62,596,156
2005,ROS,Hispanic,M,<1,0,0,0
2005,ROS,Hispanic,F,<1,0,1,0
2005,ROS,Hispanic,M,85+,11,48,16
2005,ROS,Hispanic,F,85+,0,42,6
2005,ROS,Hispanic,M,75-84,33,182,43
2005,ROS,Hispanic,F,75-84,2,120,8
2005,ROS,Hispanic,M,65-74,29,257,44
2005,ROS,Hispanic,F,65-74,2,128,12
2005,ROS,Hispanic,M,55-64,67,382,102
2005,ROS,Hispanic,F,55-64,7,124,27
2005,ROS,Hispanic,M,45-54,94,387,143
2005,ROS,Hispanic,F,45-54,13,128,36
2005,ROS,Hispanic,M,35-44,86,139,153
2005,ROS,Hispanic,F,35-44,16,44,34
2005,ROS,Hispanic,M,25-34,74,32,83
2005,ROS,Hispanic,F,25-34,9,4,18
2005,ROS,Hispanic,M,20-24,75,16,73
2005,ROS,Hispanic,F,20-24,9,4,11
2005,ROS,Hispanic,M,10-19,40,5,42
2005,ROS,Hispanic,F,10-19,4,1,4
2005,ROS,Hispanic,M,1-9,0,0,0
2005,ROS,Hispanic,F,1-9,0,0,0
2005,ROS,Black Non Hispanic,M,Total,0,2,0
2005,ROS,Black Non Hispanic,F,Total,0,1,0
2005,ROS,Black Non Hispanic,M,<1,0,0,0
2005,ROS,Black Non Hispanic,F,85+,0,0,0
2005,ROS,Black Non Hispanic,M,75-84,0,0,0
2005,ROS,Black Non Hispanic,M,65-74,0,0,0
2005,ROS,Black Non Hispanic,F,65-74,0,1,0
2005,ROS,Black Non Hispanic,M,55-64,0,1,0
2005,ROS,Black Non Hispanic,F,55-64,0,0,0
2005,ROS,Black Non Hispanic,M,45-54,0,1,0
2005,ROS,Black Non Hispanic,F,45-54,0,0,0
2005,ROS,Black Non Hispanic,F,35-44,0,0,0
2005,ROS,Black Non Hispanic,F,1-9,0,0,0
2005,NYC,White Non Hispanic,M,Total,1,0,1
2005,NYC,White Non Hispanic,F,Total,0,0,0
2005,NYC,White Non Hispanic,F,85+,0,0,0
2005,NYC,White Non Hispanic,F,75-84,0,0,0
2005,NYC,White Non Hispanic,M,65-74,0,0,0
2005,NYC,White Non Hispanic,M,35-44,1,0,1
2005,NYC,Other Non Hispanic,M,Total,0,0,0
2005,NYC,Other Non Hispanic,F,Total,0,0,0
2005,NYC,Other Non Hispanic,M,85+,0,0,0
2005,NYC,Other Non Hispanic,F,65-74,0,0,0
2005,NYC,Other Non Hispanic,M,20-24,0,0,0
2005,NYC,Not Stated,F,Total,0,0,0
2005,NYC,Not Stated,F,35-44,0,0,0
2005,NYC,Hispanic,M,Total,38,1134,344
2005,NYC,Hispanic,F,Total,2,397,113
2005,NYC,Hispanic,M,<1,0,0,0
2005,NYC,Hispanic,F,<1,0,0,0
2005,NYC,Hispanic,M,85+,0,16,7
2005,NYC,Hispanic,F,85+,0,18,8
2005,NYC,Hispanic,M,75-84,1,68,22
2005,NYC,Hispanic,F,75-84,0,55,6
2005,NYC,Hispanic,M,65-74,1,170,22
2005,NYC,Hispanic,F,65-74,0,82,9
2005,NYC,Hispanic,M,55-64,4,321,39
2005,NYC,Hispanic,F,55-64,1,89,14
2005,NYC,Hispanic,M,45-54,6,373,80
2005,NYC,Hispanic,F,45-54,0,110,23
2005,NYC,Hispanic,M,35-44,10,144,71
2005,NYC,Hispanic,F,35-44,0,36,14
2005,NYC,Hispanic,M,25-34,9,30,64
2005,NYC,Hispanic,F,25-34,0,4,20
2005,NYC,Hispanic,M,20-24,7,10,24
2005,NYC,Hispanic,F,20-24,0,2,13
2005,NYC,Hispanic,M,10-19,0,2,15
2005,NYC,Hispanic,F,10-19,1,1,6
2005,NYC,Hispanic,M,1-9,0,0,0
2005,NYC,Hispanic,F,1-9,0,0,0
2005,NYC,Black Non Hispanic,M,Total,0,0,0
2005,NYC,Black Non Hispanic,M,85+,0,0,0
2005,NYC,Black Non Hispanic,M,75-84,0,0,0
2005,NYC,Black Non Hispanic,M,65-74,0,0,0
2004,ROS,White Non Hispanic,M,Total,0,3,0
2004,ROS,White Non Hispanic,F,Total,0,1,0
2004,ROS,White Non Hispanic,M,<1,0,0,0
2004,ROS,White Non Hispanic,F,<1,0,0,0
2004,ROS,White Non Hispanic,M,85+,0,0,0
2004,ROS,White Non Hispanic,F,85+,0,1,0
2004,ROS,White Non Hispanic,M,75-84,0,0,0
2004,ROS,White Non Hispanic,F,75-84,0,0,0
2004,ROS,White Non Hispanic,M,65-74,0,1,0
2004,ROS,White Non Hispanic,F,65-74,0,0,0
2004,ROS,White Non Hispanic,M,55-64,0,1,0
2004,ROS,White Non Hispanic,F,55-64,0,0,0
2004,ROS,White Non Hispanic,M,45-54,0,1,0
2004,ROS,White Non Hispanic,F,45-54,0,0,0
2004,ROS,White Non Hispanic,M,35-44,0,0,0
2004,ROS,White Non Hispanic,F,35-44,0,0,0
2004,ROS,White Non Hispanic,F,25-34,0,0,0
2004,ROS,White Non Hispanic,M,20-24,0,0,0
2004,ROS,Other Non Hispanic,M,Total,0,0,0
2004,ROS,Other Non Hispanic,F,Total,0,0,0
2004,ROS,Other Non Hispanic,M,<1,0,0,0
2004,ROS,Other Non Hispanic,M,85+,0,0,0
2004,ROS,Other Non Hispanic,F,65-74,0,0,0
2004,ROS,Other Non Hispanic,F,55-64,0,0,0
2004,ROS,Not Stated,M,Total,1,2,1
2004,ROS,Not Stated,F,Total,0,0,0
2004,ROS,Not Stated,M,<1,0,0,0
2004,ROS,Not Stated,F,<1,0,0,0
2004,ROS,Not Stated,M,85+,0,0,0
2004,ROS,Not Stated,F,85+,0,0,0
2004,ROS,Not Stated,F,75-84,0,0,0
2004,ROS,Not Stated,M,65-74,0,1,0
2004,ROS,Not Stated,F,65-74,0,0,0
2004,ROS,Not Stated,M,55-64,0,1,0
2004,ROS,Not Stated,M,45-54,0,0,0
2004,ROS,Not Stated,F,45-54,0,0,0
2004,ROS,Not Stated,M,35-44,1,0,1
2004,ROS,Not Stated,M,1-9,0,0,0
2004,ROS,Hispanic,M,Total,454,1330,647
2004,ROS,Hispanic,F,Total,42,604,143
2004,ROS,Hispanic,M,<1,0,0,0
2004,ROS,Hispanic,F,<1,0,0,1
2004,ROS,Hispanic,M,85+,3,39,6
2004,ROS,Hispanic,F,85+,0,49,4
2004,ROS,Hispanic,M,75-84,32,185,47
2004,ROS,Hispanic,F,75-84,2,126,15
2004,ROS,Hispanic,M,65-74,32,279,48
2004,ROS,Hispanic,F,65-74,4,135,8
2004,ROS,Hispanic,M,55-64,55,324,86
2004,ROS,Hispanic,F,55-64,5,126,17
2004,ROS,Hispanic,M,45-54,89,333,143
2004,ROS,Hispanic,F,45-54,6,121,37
2004,ROS,Hispanic,M,35-44,79,120,126
2004,ROS,Hispanic,F,35-44,2,34,29
2004,ROS,Hispanic,M,25-34,79,31,97
2004,ROS,Hispanic,F,25-34,9,10,12
2004,ROS,Hispanic,M,20-24,59,11,51
2004,ROS,Hispanic,F,20-24,8,2,9
2004,ROS,Hispanic,M,10-19,26,8,43
2004,ROS,Hispanic,F,10-19,6,1,11
2004,ROS,Hispanic,M,1-9,0,0,0
2004,ROS,Hispanic,F,1-9,0,0,0
2004,ROS,Black Non Hispanic,M,Total,0,3,0
2004,ROS,Black Non Hispanic,F,Total,0,0,0
2004,ROS,Black Non Hispanic,M,85+,0,0,0
2004,ROS,Black Non Hispanic,F,85+,0,0,0
2004,ROS,Black Non Hispanic,M,75-84,0,0,0
2004,ROS,Black Non Hispanic,F,75-84,0,0,0
2004,ROS,Black Non Hispanic,M,65-74,0,0,0
2004,ROS,Black Non Hispanic,F,65-74,0,0,0
2004,ROS,Black Non Hispanic,M,55-64,0,1,0
2004,ROS,Black Non Hispanic,F,55-64,0,0,0
2004,ROS,Black Non Hispanic,M,45-54,0,1,0
2004,ROS,Black Non Hispanic,M,35-44,0,1,0
2004,ROS,Black Non Hispanic,F,35-44,0,0,0
2004,ROS,Black Non Hispanic,M,10-19,0,0,0
2004,NYC,White Non Hispanic,M,Total,1,0,0
2004,NYC,White Non Hispanic,F,Total,0,0,0
2004,NYC,White Non Hispanic,M,85+,0,0,0
2004,NYC,White Non Hispanic,F,85+,0,0,0
2004,NYC,White Non Hispanic,M,75-84,0,0,0
2004,NYC,White Non Hispanic,F,75-84,0,0,0
2004,NYC,White Non Hispanic,M,65-74,0,0,0
2004,NYC,White Non Hispanic,F,65-74,0,0,0
2004,NYC,White Non Hispanic,M,55-64,0,0,0
2004,NYC,White Non Hispanic,F,55-64,0,0,0
2004,NYC,White Non Hispanic,M,45-54,0,0,0
2004,NYC,White Non Hispanic,F,45-54,0,0,0
2004,NYC,White Non Hispanic,M,35-44,1,0,0
2004,NYC,White Non Hispanic,M,25-34,0,0,0
2004,NYC,White Non Hispanic,M,10-19,0,0,0
2004,NYC,Other Non Hispanic,M,Total,0,0,0
2004,NYC,Other Non Hispanic,F,Total,0,0,0
2004,NYC,Other Non Hispanic,M,85+,0,0,0
2004,NYC,Other Non Hispanic,F,85+,0,0,0
2004,NYC,Other Non Hispanic,F,55-64,0,0,0
2004,NYC,Not Stated,M,Total,0,0,0
2004,NYC,Not Stated,F,Total,0,0,0
2004,NYC,Not Stated,F,85+,0,0,0
2004,NYC,Not Stated,M,65-74,0,0,0
2004,NYC,Not Stated,M,45-54,0,0,0
2004,NYC,Not Stated,M,35-44,0,0,0
2004,NYC,Hispanic,M,Total,28,1224,347
2004,NYC,Hispanic,F,Total,2,465,117
2004,NYC,Hispanic,M,<1,0,0,0
2004,NYC,Hispanic,F,<1,0,0,0
2004,NYC,Hispanic,M,85+,0,11,11
2004,NYC,Hispanic,F,85+,0,18,8
2004,NYC,Hispanic,M,75-84,0,88,21
2004,NYC,Hispanic,F,75-84,0,66,7
2004,NYC,Hispanic,M,65-74,1,196,28
2004,NYC,Hispanic,F,65-74,0,86,6
2004,NYC,Hispanic,M,55-64,2,313,44
2004,NYC,Hispanic,F,55-64,0,96,17
2004,NYC,Hispanic,M,45-54,2,382,63
2004,NYC,Hispanic,F,45-54,0,127,21
2004,NYC,Hispanic,M,35-44,7,175,71
2004,NYC,Hispanic,F,35-44,0,58,18
2004,NYC,Hispanic,M,25-34,10,47,53
2004,NYC,Hispanic,F,25-34,2,11,22
2004,NYC,Hispanic,M,20-24,3,11,35
2004,NYC,Hispanic,F,20-24,0,2,10
2004,NYC,Hispanic,M,10-19,3,1,21
2004,NYC,Hispanic,F,10-19,0,1,8
2004,NYC,Hispanic,M,1-9,0,0,0
2004,NYC,Hispanic,F,1-9,0,0,0
2004,NYC,Black Non Hispanic,M,Total,1,0,0
2004,NYC,Black Non Hispanic,F,Total,0,0,0
2004,NYC,Black Non Hispanic,M,<1,0,0,0
2004,NYC,Black Non Hispanic,F,<1,0,0,0
2004,NYC,Black Non Hispanic,M,75-84,0,0,0
2004,NYC,Black Non Hispanic,F,75-84,0,0,0
2004,NYC,Black Non Hispanic,M,55-64,0,0,0
2004,NYC,Black Non Hispanic,M,25-34,1,0,0
2003,ROS,White Non Hispanic,M,Total,2,8,3
2003,ROS,White Non Hispanic,F,Total,0,4,1
2003,ROS,White Non Hispanic,M,<1,0,0,0
2003,ROS,White Non Hispanic,F,<1,0,0,0
2003,ROS,White Non Hispanic,M,85+,0,0,0
2003,ROS,White Non Hispanic,F,85+,0,0,0
2003,ROS,White Non Hispanic,M,75-84,0,2,0
2003,ROS,White Non Hispanic,F,75-84,0,3,0
2003,ROS,White Non Hispanic,M,65-74,2,1,2
2003,ROS,White Non Hispanic,F,65-74,0,1,0
2003,ROS,White Non Hispanic,M,55-64,0,2,0
2003,ROS,White Non Hispanic,F,55-64,0,0,0
2003,ROS,White Non Hispanic,M,45-54,0,3,0
2003,ROS,White Non Hispanic,F,45-54,0,0,0
2003,ROS,White Non Hispanic,M,35-44,0,0,1
2003,ROS,White Non Hispanic,F,35-44,0,0,1
2003,ROS,White Non Hispanic,M,25-34,0,0,0
2003,ROS,White Non Hispanic,F,20-24,0,0,0
2003,ROS,White Non Hispanic,F,10-19,0,0,0
2003,ROS,Other Non Hispanic,M,Total,0,0,0
2003,ROS,Other Non Hispanic,F,Total,0,0,0
2003,ROS,Other Non Hispanic,F,85+,0,0,0
2003,ROS,Other Non Hispanic,M,75-84,0,0,0
2003,ROS,Other Non Hispanic,F,75-84,0,0,0
2003,ROS,Other Non Hispanic,M,65-74,0,0,0
2003,ROS,Other Non Hispanic,F,65-74,0,0,0
2003,ROS,Other Non Hispanic,F,55-64,0,0,0
2003,ROS,Not Stated,M,Total,0,1,1
2003,ROS,Not Stated,F,Total,0,0,0
2003,ROS,Not Stated,M,<1,0,0,0
2003,ROS,Not Stated,M,85+,0,0,0
2003,ROS,Not Stated,M,75-84,0,0,0
2003,ROS,Not Stated,F,75-84,0,0,0
2003,ROS,Not Stated,M,65-74,0,0,0
2003,ROS,Not Stated,F,65-74,0,0,0
2003,ROS,Not Stated,M,55-64,0,0,1
2003,ROS,Not Stated,F,55-64,0,0,0
2003,ROS,Not Stated,M,45-54,0,1,0
2003,ROS,Not Stated,F,45-54,0,0,0
2003,ROS,Not Stated,M,35-44,0,0,0
2003,ROS,Hispanic,M,Total,471,1399,637
2003,ROS,Hispanic,F,Total,52,616,148
2003,ROS,Hispanic,M,<1,0,0,0
2003,ROS,Hispanic,F,<1,0,0,0
2003,ROS,Hispanic,M,85+,13,45,22
2003,ROS,Hispanic,F,85+,0,31,2
2003,ROS,Hispanic,M,75-84,29,182,49
2003,ROS,Hispanic,F,75-84,0,148,6
2003,ROS,Hispanic,M,65-74,38,270,47
2003,ROS,Hispanic,F,65-74,0,121,10
2003,ROS,Hispanic,M,55-64,50,320,86
2003,ROS,Hispanic,F,55-64,6,121,19
2003,ROS,Hispanic,M,45-54,59,384,126
2003,ROS,Hispanic,F,45-54,15,140,40
2003,ROS,Hispanic,M,35-44,73,142,124
2003,ROS,Hispanic,F,35-44,9,52,31
2003,ROS,Hispanic,M,25-34,79,39,88
2003,ROS,Hispanic,F,25-34,12,2,21
2003,ROS,Hispanic,M,20-24,70,9,57
2003,ROS,Hispanic,F,20-24,4,1,15
2003,ROS,Hispanic,M,10-19,59,8,38
2003,ROS,Hispanic,F,10-19,4,0,4
2003,ROS,Hispanic,M,1-9,1,0,0
2003,ROS,Hispanic,F,1-9,2,0,0
2003,ROS,Black Non Hispanic,M,Total,3,3,0
2003,ROS,Black Non Hispanic,F,Total,0,0,0
2003,ROS,Black Non Hispanic,M,<1,0,0,0
2003,ROS,Black Non Hispanic,M,85+,0,0,0
2003,ROS,Black Non Hispanic,F,85+,0,0,0
2003,ROS,Black Non Hispanic,M,75-84,0,0,0
2003,ROS,Black Non Hispanic,F,75-84,0,0,0
2003,ROS,Black Non Hispanic,M,65-74,0,0,0
2003,ROS,Black Non Hispanic,F,65-74,0,0,0
2003,ROS,Black Non Hispanic,M,55-64,0,1,0
2003,ROS,Black Non Hispanic,F,55-64,0,0,0
2003,ROS,Black Non Hispanic,M,45-54,0,1,0
2003,ROS,Black Non Hispanic,F,45-54,0,0,0
2003,ROS,Black Non Hispanic,M,35-44,0,1,0
2003,ROS,Black Non Hispanic,F,35-44,0,0,0
2003,ROS,Black Non Hispanic,M,25-34,1,0,0
2003,ROS,Black Non Hispanic,M,20-24,1,0,0
2003,ROS,Black Non Hispanic,M,10-19,1,0,0
2003,ROS,Black Non Hispanic,F,1-9,0,0,0
2003,NYC,White Non Hispanic,M,Total,1,1,0
2003,NYC,White Non Hispanic,F,Total,0,0,0
2003,NYC,White Non Hispanic,F,85+,0,0,0
2003,NYC,White Non Hispanic,M,75-84,0,0,0
2003,NYC,White Non Hispanic,F,75-84,0,0,0
2003,NYC,White Non Hispanic,M,55-64,0,0,0
2003,NYC,White Non Hispanic,M,45-54,0,1,0
2003,NYC,White Non Hispanic,F,45-54,0,0,0
2003,NYC,White Non Hispanic,M,25-34,1,0,0
2003,NYC,Other Non Hispanic,F,Total,0,0,0
2003,NYC,Other Non Hispanic,F,55-64,0,0,0
2003,NYC,Not Stated,M,Total,1,0,0
2003,NYC,Not Stated,M,65-74,0,0,0
2003,NYC,Not Stated,M,35-44,0,0,0
2003,NYC,Not Stated,M,25-34,1,0,0
2003,NYC,Hispanic,M,Total,42,1296,329
2003,NYC,Hispanic,F,Total,3,446,132
2003,NYC,Hispanic,M,<1,0,1,0
2003,NYC,Hispanic,F,<1,0,0,0
2003,NYC,Hispanic,M,85+,0,14,11
2003,NYC,Hispanic,F,85+,0,11,5
2003,NYC,Hispanic,M,75-84,0,75,26
2003,NYC,Hispanic,F,75-84,0,52,10
2003,NYC,Hispanic,M,65-74,0,161,28
2003,NYC,Hispanic,F,65-74,0,74,13
2003,NYC,Hispanic,M,55-64,0,344,49
2003,NYC,Hispanic,F,55-64,0,106,24
2003,NYC,Hispanic,M,45-54,3,446,57
2003,NYC,Hispanic,F,45-54,1,126,25
2003,NYC,Hispanic,M,35-44,11,192,61
2003,NYC,Hispanic,F,35-44,0,61,25
2003,NYC,Hispanic,M,25-34,18,52,56
2003,NYC,Hispanic,F,25-34,1,13,19
2003,NYC,Hispanic,M,20-24,1,7,24
2003,NYC,Hispanic,F,20-24,1,0,6
2003,NYC,Hispanic,M,10-19,9,4,17
2003,NYC,Hispanic,F,10-19,0,3,5
2003,NYC,Hispanic,M,1-9,0,0,0
2003,NYC,Hispanic,F,1-9,0,0,0
2003,NYC,Black Non Hispanic,M,Total,1,0,0
2003,NYC,Black Non Hispanic,F,Total,0,0,1
2003,NYC,Black Non Hispanic,M,<1,0,0,0
2003,NYC,Black Non Hispanic,M,85+,0,0,0
2003,NYC,Black Non Hispanic,F,85+,0,0,0
2003,NYC,Black Non Hispanic,F,75-84,0,0,0
2003,NYC,Black Non Hispanic,M,65-74,0,0,0
2003,NYC,Black Non Hispanic,F,65-74,0,0,0
2003,NYC,Black Non Hispanic,M,55-64,0,0,0
2003,NYC,Black Non Hispanic,M,45-54,0,0,0
2003,NYC,Black Non Hispanic,F,45-54,0,0,0
2003,NYC,Black Non Hispanic,M,35-44,1,0,0
2003,NYC,Black Non Hispanic,F,35-44,0,0,1
2003,NYC,Black Non Hispanic,M,20-24,0,0,0
